Año,Título,Revista/Fuente,Tipo,Autores,Miembros GoSA,Estudiantes activos,DOI,Enlace,Ya en produccion.html
2026,Actividad solar y clima espacial: desafíos científicos y oportunidades para el desarrollo en Colombia,Revista de la Academia Colombiana de Ciencias Exactas Físicas y Naturales,article,"Santiago Vargas-Domínguez, Jeffersson Andrés Agudelo-Rueda, Juan Camilo Buitrago‐Casas, Hernán Darío Guerrero-Caguasango, B. Calvo-Mozo",Santiago Vargas Domínguez; Juan Camilo Buitrago; Benjamín Calvo Mozo,,10.18257/raccefyn.3286,https://doi.org/10.18257/raccefyn.3286,sí
2026,Assessing the predictability of solar active regions using helioseismic holography: An exploratory data analysis,Revista Mexicana de Astronomía y Astrofísica Serie de Conferencias,article,"Daniel Alberto Rodríguez Torres, B. Calvo-Mozo, Juan Camilo Buitrago‐Casas",Daniel Alberto Rodríguez Torres; Benjamín Calvo Mozo; Juan Camilo Buitrago,Daniel Alberto Rodríguez Torres,10.22201/ia.14052059p.2026.60.63,https://doi.org/10.22201/ia.14052059p.2026.60.63,sí
2026,Astronomía y Educación: Aportes para la enseñanza de la astronomía en Colombia,Repositorio Institucional UPTC,book,"Daniel Alejandro Valderrama, Santiago Vargas Dominguez",Santiago Vargas Domínguez,,10.5281/zenodo.18820284,https://doi.org/10.5281/zenodo.18820284,no
2026,Astronomía y Educación: Aportes para la enseñanza de la astronomía en Colombia,Zenodo (CERN European Organization for Nuclear Research),book,"Daniel Alejandro Valderrama, Santiago Vargas Dominguez",Santiago Vargas Domínguez,,10.5281/zenodo.18820283,https://doi.org/10.5281/zenodo.18820283,no
2026,Can we anticipate solar flares? Statistical analysis of the Flare Anticipation Index (FAI),Figshare,other,Paula Jessica Gonzalez Prieto,Paula Jessica González Prieto,Paula Jessica González Prieto,10.6084/m9.figshare.31331890.v1,https://doi.org/10.6084/m9.figshare.31331890.v1,no
2026,"Correlated Quasiperiodic Pulsations in Type III Radio Bursts and Solar EUV Emission, Jetlets and Magnetic Fields: Comparisons of Intervals with and without Type III Storms",The Astrophysical Journal,article,"C. Cattell, L. Glesener, E. L. M. Hanson, Y. Kim, T. Mahaffey, R. B. Masek, M. Phillips, J. C. Buitrago-Casas, J. Martínez Oliveros, M. Pulupa, T. Ervin, S. Badman",Juan Camilo Buitrago; Juan Carlos Martínez Oliveros,,10.3847/1538-4357/ae2ff7,https://doi.org/10.3847/1538-4357/ae2ff7,no
2026,DKIST unveils MHD-predicted sub-50 km photospheric vortices,Research Square,preprint,"Santiago Vargas-Domínguez, Oscar Andrés Calvo-Rebellon, Juan Sebastián Castellanos-Durán, M. van Noort, Friedrich Wöger, Daniel Alberto Rodriguez-Torres, Cristian G. Bernal",Santiago Vargas Domínguez; Oscar Andres Calvo Rebellon; Daniel Alberto Rodríguez Torres,Oscar Andres Calvo Rebellon; Daniel Alberto Rodríguez Torres,10.21203/rs.3.rs-10990993/v1,https://doi.org/10.21203/rs.3.rs-10990993/v1,sí
2026,Design and Implementation of a Multi-Element Solar Radio Interferometer at 1.42 GHz,Solar Physics,article,"Juan Sebastián Hincapié Tarquino, B. Calvo-Mozo, Juan Carlos Martínez Oliveros, J. L. Araque Quijano, Javier Sánchez Gonzalez",Juan Sebastián Hincapié Tarquino; Benjamín Calvo Mozo; Juan Carlos Martínez Oliveros; Javier Sánchez González,,10.1007/s11207-025-02584-z,https://doi.org/10.1007/s11207-025-02584-z,sí
2026,El renacer del jardín histórico del Observatorio Astronómico Nacional de Colombia,Revista de la Academia Colombiana de Ciencias Exactas Físicas y Naturales,article,"Santiago Vargas-Domínguez, Germán Darío Álvarez-Lucero, Mario Armando Higuera-Garzón, Julio César Palacios-Rodríguez, Elizabeth Herrera-Nariño, Richard Javier Quitián-Peña, Lizzie Katherine Cordon-López, Gonzalo Jiménez-Vargas, Juan Alexis Acero-Rangel",Santiago Vargas Domínguez,,10.18257/raccefyn.3583,https://doi.org/10.18257/raccefyn.3583,sí
2026,Establishing atmospheric turbulence thresholds for reliable ground-based solar magnetograms,Advances in Space Research,article,"Miguel Alzate Betancur, S. Vargas Domínguez, J. I. Campos Rozo, René Restrepo",Santiago Vargas Domínguez; Jose Ivan Campos Rozo,,10.1016/j.asr.2026.03.070,https://doi.org/10.1016/j.asr.2026.03.070,sí
2026,Exploring Quinoa's resilience to simulated martian UV radiation: implications for astrobiological agriculture,Revista de la Academia Colombiana de Ciencias Exactas Físicas y Naturales,article,"Erika Paola Puentes-León, Andrea Lizeth López-Rodríguez, Zaida Zarely Ojeda-Perez, Santiago Vargas-Domínguez",Erika Paola Puentes León; Santiago Vargas Domínguez,,10.18257/raccefyn.3314,https://doi.org/10.18257/raccefyn.3314,sí
2026,II Seminario Permanente sobre Enseñanza de la Astronomía -OAE/NAEC Colombia 2025: Construyendo saberes astronómicos. Fortalecimiento disciplinar en la formación docente continuada,Zenodo (CERN European Organization for Nuclear Research),article,"Daniel Alejandro Valderrama, Santiago Vargas Dominguez, Angela Patricia Pérez Henao, Edilberto Suárez Torres, MARIA CRISTINA ZARATE RODRIGUEZ, Fredy Moreno, Cristian Goez Theran",Santiago Vargas Domínguez,,10.5281/zenodo.18820366,https://doi.org/10.5281/zenodo.18820366,no
2026,II Seminario Permanente sobre Enseñanza de la Astronomía -OAE/NAEC Colombia 2025: Construyendo saberes astronómicos. Fortalecimiento disciplinar en la formación docente continuada,Zenodo (CERN European Organization for Nuclear Research),article,"Daniel Alejandro Valderrama, Santiago Vargas Dominguez, Angela Patricia Pérez Henao, Edilberto Suárez Torres, MARIA CRISTINA ZARATE RODRIGUEZ, Fredy Moreno, Cristian Goez Theran",Santiago Vargas Domínguez,,10.5281/zenodo.18820367,https://doi.org/10.5281/zenodo.18820367,no
2026,Informe de actividades 2025 de la Oficina de Astronomía para la Educación en Colombia (OAE–NAEC Colombia),Zenodo (CERN European Organization for Nuclear Research),book,"S. Vargas Domínguez, Daniel Alejandro Valderrama, Edilberto Suarez Torres, Angela Patricia Pérez Henao, Freddy Moreno, MARIA CRISTINA ZARATE RODRIGUEZ",Santiago Vargas Domínguez,,10.5281/zenodo.22181643,https://doi.org/10.5281/zenodo.22181643,no
2026,Informe de actividades 2025 de la Oficina de Astronomía para la Educación en Colombia (OAE–NAEC Colombia),Zenodo (CERN European Organization for Nuclear Research),book,"S. Vargas Domínguez, Daniel Alejandro Valderrama, Edilberto Suarez Torres, Angela Patricia Pérez Henao, Freddy Moreno, MARIA CRISTINA ZARATE RODRIGUEZ",Santiago Vargas Domínguez,,10.5281/zenodo.22181642,https://doi.org/10.5281/zenodo.22181642,no
2026,"Jesús Emilio Ramírez, S.J., and Colombia’s integration into global scientific networks during the International Geophysical Year (1957–1958)",Revista de la Academia Colombiana de Ciencias Exactas Físicas y Naturales,article,"Santiago Vargas-Domínguez, Freddy Moreno",Santiago Vargas Domínguez,,10.18257/raccefyn.4144,https://doi.org/10.18257/raccefyn.4144,sí
2026,Morphological variations of solar granules in the presence of magnetic fields,Astronomy & Astrophysics,article,"J. I. Campos Rozo, J. Jurčák, S. M. Díaz Castillo, M. van Noort",Jose Ivan Campos Rozo,,10.1051/0004-6361/202557284,https://doi.org/10.1051/0004-6361/202557284,no
2026,"Multiwavelength Multipoint Observations of the October 28, 2021 Type III Radio Burst",Solar Physics,article,"Juan Carlos Martinez Oliveros, Vratislav Krupar, Tamar Ervin, Säm Krucker, Marc Pulupa, Samuel T. Badman, Juan Camilo Buitrago Casas, Surajit Mondal, Stuart D. Bale",Juan Carlos Martínez Oliveros; Juan Camilo Buitrago,,10.1007/s11207-026-02647-9,https://doi.org/10.1007/s11207-026-02647-9,no
2026,Premature re-entry of the FACSAT-2 nanosatellite: orbital decay and attribution to the maximum of solar cycle 25,arXiv (Cornell University),preprint,"S. Vargas Domínguez, Mara Valentina Angel, Brayan Nicolas Buitrago",Santiago Vargas Domínguez,,10.48550/arxiv.2609.24534,https://doi.org/10.48550/arxiv.2609.24534,sí
2026,Proliferation of nighttime artificial lighting and light pollution in major urban areas of Latin America,Revista Mexicana de Astronomía y Astrofísica Serie de Conferencias,article,"Kennet J. Rueda Espinosa, Andres F. Guerrero Guio, S. Vargas Domínguez",Andrés Felipe Guerrero Guio; Santiago Vargas Domínguez,Andrés Felipe Guerrero Guio,10.22201/ia.14052059p.2026.60.12,https://doi.org/10.22201/ia.14052059p.2026.60.12,sí
2026,Satellite time-series analysis of artificial light at night across major Latin American cities using VIIRS Black Marble (2012–2025),SSRN Electronic Journal,preprint,"Andres F. Guerrero Guio, Kennet J. Rueda Espinosa, Jonhatan Herney Bernal Salinas, S. Vargas Domínguez",Andrés Felipe Guerrero Guio; Santiago Vargas Domínguez,Andrés Felipe Guerrero Guio,10.2139/ssrn.6666086,https://doi.org/10.2139/ssrn.6666086,sí
2026,Solar Activity Forecasting Using a Hybrid Conv1D-LSTM Model Validated on Solar Cycle 25,Solar Physics,article,"Hernán Darío Guerrero-Caguasango, S. Vargas Domínguez",Santiago Vargas Domínguez,,10.1007/s11207-026-02710-5,https://doi.org/10.1007/s11207-026-02710-5,sí
2026,Study of magnetic field variations in high-cadence vector magnetograms during solar flares,Revista Mexicana de Astronomía y Astrofísica Serie de Conferencias,article,"S. Vargas Domínguez, Willinton Caicedo Tez, Juan Camilo Buitrago Casas",Santiago Vargas Domínguez; Willinton Caicedo; Juan Camilo Buitrago,,10.22201/ia.14052059p.2026.60.65,https://doi.org/10.22201/ia.14052059p.2026.60.65,sí
2026,Synthesis and inversion of Stokes parameters in the solar context applying Deep Learning Techniques,Revista Mexicana de Astronomía y Astrofísica Serie de Conferencias,article,"Juan Esteban Agudelo Ortiz, Germain Nicolás Morales Suarez, S. Vargas Domínguez, Sergiy Shelyag",Juan Esteban Agudelo Ortiz; Germain Nicolas Morales Suárez; Santiago Vargas Domínguez,Juan Esteban Agudelo Ortiz,10.22201/ia.14052059p.2026.60.60,https://doi.org/10.22201/ia.14052059p.2026.60.60,sí
2026,Terrestrial influence of solar activity: The September 1941 solar storm and its relationship with unexplained terrestrial events,Revista Mexicana de Astronomía y Astrofísica Serie de Conferencias,article,"Freddy Moreno Cardenas, S. Vargas Domínguez, Juan Camilo Buitrago Casas",Santiago Vargas Domínguez; Juan Camilo Buitrago,,10.22201/ia.14052059p.2026.60.64,https://doi.org/10.22201/ia.14052059p.2026.60.64,sí
2026,The scientific contributions of the first modern Colombian astronomer,Revista Mexicana de Astronomía y Astrofísica Serie de Conferencias,article,"Freddy Moreno Cardenas, S. Vargas Domínguez",Santiago Vargas Domínguez,,10.22201/ia.14052059p.2026.60.34,https://doi.org/10.22201/ia.14052059p.2026.60.34,sí
2026,Un Sol cuántico,Revista de la Academia Colombiana de Ciencias Exactas Físicas y Naturales,article,"Santiago Vargas-Domínguez, Juan Camilo Buitrago‐Casas",Santiago Vargas Domínguez; Juan Camilo Buitrago,,10.18257/raccefyn.3300,https://doi.org/10.18257/raccefyn.3300,sí
2026,Wavelength-Dependence of Granulation Patterns from the IAG Solar Spectra,Revista Mexicana de Astronomía y Astrofísica,article,"Benjamín Oostra, Claudia Alejandra Cuéllar Nieto, Manuel Esteban Fuentes Serna",Claudia Alejandra Cuellar Nieto,Claudia Alejandra Cuellar Nieto,10.22201/ia.30618649e.2026.62.02.7552,https://doi.org/10.22201/ia.30618649e.2026.62.02.7552,sí
2025,Camille Flammarion y su huella en Colombia,Revista de la Academia Colombiana de Ciencias Exactas Físicas y Naturales,article,"S. Vargas Domínguez, Freddy Moreno",Santiago Vargas Domínguez,,10.18257/raccefyn.3219,https://doi.org/10.18257/raccefyn.3219,sí
2025,Geomagnetic storms and historical vulnerabilities: A solar perspective on World War II events,,conference-abstract,"Santiago Vargas-Domínguez, Freddy Moreno Cardenas, Juan Camilo Buitrago‐Casas, L. Claire Gasque",Santiago Vargas Domínguez; Juan Camilo Buitrago,,10.69646/aob250932,https://doi.org/10.69646/aob250932,sí
2025,Pensamiento Computacional en la Enseñanza de la Astrofísica Estelar: Análisis desde una intervención didáctica,REVISTA CIENCIAS PEDAGÓGICAS E INNOVACIÓN,article,"Duván Felipe Martínez Raba, Angie Alejandra Moreno Católico, Daniel Alejandro Valderrama, S. Vargas Domínguez",Santiago Vargas Domínguez,,10.26423/rcpi.v13i1.811,https://doi.org/10.26423/rcpi.v13i1.811,sí
2025,Ring current local time dependence during geomagnetic storms using equatorial Dst-proxies,Acta Geodaetica et Geophysica,article,"Santiago Pinzón-Cortes, N. Gómez Pérez, S. Vargas Domínguez",Santiago Pinzón Cortés; Santiago Vargas Domínguez,,10.1007/s40328-024-00459-6,https://doi.org/10.1007/s40328-024-00459-6,sí
2025,Simulation and Design of a CubeSat-Compatible X-Ray Photovoltaic Payload Using Timepix3 Sensors,Aerospace,article,"Ashraf Farahat, Juan Carlos Martinez Oliveros, Stuart D. Bale",Juan Carlos Martínez Oliveros,,10.3390/aerospace12121072,https://doi.org/10.3390/aerospace12121072,no
2025,Structure and Dynamics of the Sun’s Interior Revealed by the Helioseismic and Magnetic Imager,Solar Physics,article,,,,,,no
2025,"The Fúquene National Geomagnetic Observatory: A journey through its past, present, and future",Revista de la Academia Colombiana de Ciencias Exactas Físicas y Naturales,article,"M. Carmona, S. Vargas Domínguez, Jean Villafane, Esteban Cortés-Rojas, Santiago Pinzón-Cortes, N. Gómez Pérez, Enrique Torres Moya, C. Prieto",Santiago Vargas Domínguez; Santiago Pinzón Cortés,,10.18257/raccefyn.3166,https://doi.org/10.18257/raccefyn.3166,sí
2025,Tic-tac.. ¿Quién le enseñó a contar al reloj?,Revistas académicas Universidad EAFIT (Universidad EAFIT),article,"Santiago Vargas-Domínguez, René Restrepo-Gómez, María Clara Jaramillo",Santiago Vargas Domínguez,,,https://openalex.org/W7127210965,sí
2025,War under the Sun: exploring the plausible connection between solar storms and unexplained terrestrial events during WWII,,preprint,"S. Vargas Domínguez, Freddy Moreno Cardenas, Juan Camilo Buitrago‐Casas, L. Claire Gasque",Santiago Vargas Domínguez; Juan Camilo Buitrago,,10.22541/essoar.174526230.08306548/v1,https://doi.org/10.22541/essoar.174526230.08306548/v1,sí
2024,Comparative Analysis of Type III Radio Bursts and Solar Flares: Spatial Localization and Correlation with Solar Flare Intensity,The Astrophysical Journal,article,"Vratislav Krupar, Oksana Kruparova, Adam Szabo, Frantisek Nemec, Milan Maksimovic, Juan Carlos Martinez Oliveros, David Lario, Xavier Bonnin, Antonio Vecchio, Marc Pulupa, Stuart D. Bale",Juan Carlos Martínez Oliveros,,10.3847/1538-4357/ad12ba,https://doi.org/10.3847/1538-4357/ad12ba,no
2024,"Comparative Image Alignment for Multiple Telescopes: ALMA, IRIS, SDO",arXiv (Cornell University),preprint,"Francisco J. Ordoñez Araujo, Juan Camilo Guevara Gómez, Benjamín Calvo Mozo",Juan Camilo Guevara Gómez; Benjamín Calvo Mozo,,10.48550/arxiv.2404.04401,https://doi.org/10.48550/arxiv.2404.04401,sí
2024,Cuantificación de sumideros de carbono azul en Colombia a partir de manglares costeros,Revista de la Academia Colombiana de Ciencias Exactas Físicas y Naturales,article,"Joel Bernal O., L A, Valentina I. Burbano A., S. Vargas Domínguez, María Fernanda González, Juan Esteban Agudelo Agudelo, Jose Iván Campos-Rozo",Santiago Vargas Domínguez; Juan Esteban Agudelo Ortiz; Jose Ivan Campos Rozo,Juan Esteban Agudelo Ortiz,10.18257/raccefyn.2585,https://doi.org/10.18257/raccefyn.2585,sí
2024,Development and evaluation of a metal 3D printed pre-collimator for FOXSI-4 sounding rocket experiment,Space Telescopes and Instrumentation 2024: Ultraviolet to Gamma Ray,conference-paper,"Yoshiaki Sato, Noriyuki Narukage, Hayato Inuzuka, Futoshi Yoshimura, Sota Kashima, Riko Shimizu, Juan Camilo Buitrago-Casas, Wayne H. Baumgartner, Nicholas E. Thomas, Taro Sakao, Lindsay Glesener",Juan Camilo Buitrago,,10.1117/12.3018219,https://doi.org/10.1117/12.3018219,no
2024,Enhancing Triangulation of Interplanetary Type III Bursts through Wavevector Correction,The Astrophysical Journal,article,"Vratislav Krupar, Oksana Kruparova, Adam Szabo, Rui F. Pinto, Milan Maksimovic, Juan Carlos Martinez Oliveros",Juan Carlos Martínez Oliveros,,10.3847/1538-4357/ad150e,https://doi.org/10.3847/1538-4357/ad150e,no
2024,Exploring intermittency in numerical simulations of turbulence using single and multi-spacecraft analysis,Frontiers in Astronomy and Space Sciences,article,"Andres F. Guerrero Guio, Jeffersson Andres Agudelo Rueda, S. Vargas Domínguez",Andrés Felipe Guerrero Guio; Santiago Vargas Domínguez,Andrés Felipe Guerrero Guio,10.3389/fspas.2024.1323993,https://doi.org/10.3389/fspas.2024.1323993,sí
2024,Fortalecimiento de la educación y la investigación en un contexto global: la experiencia del Programa Beyond Research,,book,"Marcela Aragón Novoa, Yury Arias Olaya, S. Vargas Domínguez",Santiago Vargas Domínguez,,10.21892/9786287515420.7,https://doi.org/10.21892/9786287515420.7,sí
2024,Machine Learning Synthesis and inversion method for Stokes Parameters in the solar context,,conference-abstract,"Juan Esteban Agudelo Ortiz, Germain Nicolás Morales Suarez, S. Vargas Domínguez, Sergiy Shelyag",Juan Esteban Agudelo Ortiz; Germain Nicolas Morales Suárez; Santiago Vargas Domínguez,Juan Esteban Agudelo Ortiz,10.5194/egusphere-egu24-1604,https://doi.org/10.5194/egusphere-egu24-1604,sí
2024,Ring Current Local Time Dependence during geomagnetic storms using equatorial Dst - proxies,Research Square,preprint,"Santiago Pinzón-Cortes, N. Gómez Pérez, S. Vargas Domínguez",Santiago Pinzón Cortés; Santiago Vargas Domínguez,,10.21203/rs.3.rs-3900907/v1,https://doi.org/10.21203/rs.3.rs-3900907/v1,sí
2024,The need for reinforcing the implementation of inclusion and diversity strategies as ordinary actions towards social and scientific development of our society,Proceedings of the International Astronomical Union,article,Santiago Vargas-Domínguez,Santiago Vargas Domínguez,,10.1017/s1743921325001796,https://doi.org/10.1017/s1743921325001796,sí
2024,Unveiling the Interplanetary Solar Radio Bursts of the 2024 Mother’s Day Solar Storm,The Astrophysical Journal Letters,article,"Oksana Kruparova, Vratislav Krupar, Adam Szabo, David Lario, Teresa Nieves-Chinchilla, Juan Carlos Martinez Oliveros",Juan Carlos Martínez Oliveros,,10.3847/2041-8213/ad5da6,https://doi.org/10.3847/2041-8213/ad5da6,no
2023,An overview of HMI off-disk flare observations,Astronomy & Astrophysics,article,"D. Fremstad, J. C. Guevara Gómez, H. Hudson, J. C. Martínez Oliveros",Juan Camilo Guevara Gómez; Juan Carlos Martínez Oliveros,,10.1051/0004-6361/202245788,https://doi.org/10.1051/0004-6361/202245788,no
2023,Dispersive Suprathermal Ion Events Observed by the Parker Solar Probe Mission,The Astrophysical Journal Letters,article,"S. T. Alnussirat, R. Livi, D. E. Larson, A. Rahmati, P. L. Whittlesey, O. Romeo, S. T. Badman, Milo Buitrago-Casas, Juan Carlos Martínez Oliveros, M. Pulupa, S. D. Bale, J. Huang, J. Verniero, N. Raouafi, Donald Mitchell, D. J. McComas, Matt Hill, Christina Cohen",Juan Carlos Martínez Oliveros,,10.3847/2041-8213/acf21c,https://doi.org/10.3847/2041-8213/acf21c,no
2023,El Grupo de Astrofísica Solar (GoSA) del Observatorio Astronómico Nacional de Colombia: 10 años indagando sobre la ciencia del Sol,Revista de la Academia Colombiana de Ciencias Exactas Físicas y Naturales,article,"S. Vargas Domínguez, B. Calvo-Mozo, Juan Carlos Martínez Oliveros, Juan Camilo Buitrago‐Casas",Santiago Vargas Domínguez; Benjamín Calvo Mozo; Juan Carlos Martínez Oliveros; Juan Camilo Buitrago,,10.18257/raccefyn.1930,https://doi.org/10.18257/raccefyn.1930,sí
2023,El Grupo de Astrof́ısica Solar (GoSA) del Observatorio Astronómico Nacional de Colombia: 10 años indagando sobre la ciencia del Sol,"Revista de la Academia Colombiana de Ciencias Exactas, F́ısicas y Naturales",article,,,,,,no
2023,Exploring magnetic field properties at the boundary of solar pores: A comparative study based on SDO-HMI observations,Astronomy and Astrophysics,article,"J. I. Campos Rozo, S. Vargas Domínguez, D. Utz, Astrid Veronig, A. Hanslmeier",Jose Ivan Campos Rozo; Santiago Vargas Domínguez,,10.1051/0004-6361/202346389,https://doi.org/10.1051/0004-6361/202346389,sí
2023,Exploring magnetic field properties at the boundary of solar pores: A comparative study based on SDO-HMI observations,arXiv (Cornell University),preprint,"J. I. Campos Rozo, S. Vargas Domínguez, D. Utz, Astrid Veronig, A. Hanslmeier",Jose Ivan Campos Rozo; Santiago Vargas Domínguez,,10.48550/arxiv.2304.13212,https://doi.org/10.48550/arxiv.2304.13212,no
2023,Frequency agile solar radiotelescope,Bulletin of the American Astronomical Society,conference-paper,Tim S. Bastian,,,10.1117/12.460293,https://doi.org/10.1117/12.460293,no
2023,Illuminating the threat: a decade-long analysis of light pollanálisis de una década de contaminacio´n lumínica en los principales centros urbanos de Colombia mediante imágenes satelitalesution in Colombian main urban centers through satellite imagery,Revista de la Academia Colombiana de Ciencias Exactas Físicas y Naturales,article,"Kennet J. Rueda-Espinosa, Andres F. Guerrero-Guio, S. Vargas Domínguez, Mauricio Vinasco-Téllez, Cristian Goez-Therán",Andrés Felipe Guerrero Guio; Santiago Vargas Domínguez,Andrés Felipe Guerrero Guio,10.18257/raccefyn.1867,https://doi.org/10.18257/raccefyn.1867,sí
2023,Next-Generation Comprehensive Data-Driven Models of Solar Eruptive Events,arXiv preprint arXiv:2307.14946,article,"Joel C. Allred, Graham S. Kerr, Meriem Alaoui, Juan Camilo Buitrago-Casas, Amir Caspi, Bin Chen, Thomas Y. Chen, Lindsay Glesener, Silvina E. Guidoni, Fan Guo, Judith Karpen, Sophie Musset, Katharine K. Reeves, Albert Y. Shih",Juan Camilo Buitrago,,10.3847/25c2cfeb.93c25d9e,https://doi.org/10.3847/25c2cfeb.93c25d9e,no
2023,Studying Gamma-ray Bursts with COSI,American Astronomical Society Meeting Abstracts,conference-paper,,,,,,no
2023,Temporal Defocusing as a Depth Diagnostic of Submerged Sources of Transient Acoustic Emission from Solar Flares,Solar Physics,article,"Savannah Perez-Piel, Juan Camilo Buitrago-Casas, Juan Carlos Martínez Oliveros, Charles Lindsey",Juan Camilo Buitrago; Juan Carlos Martínez Oliveros,,10.1007/s11207-023-02163-0,https://doi.org/10.1007/s11207-023-02163-0,no
2023,The Background and Transient Observer: A Gamma-ray Detector System for Time-Domain Astrophysics,American Astronomical Society Meeting Abstracts,conference-paper,,,,,,no
2023,The Focusing Optics X-ray Solar Imager (FOXSI),arXiv preprint arXiv:2306.15071,conference-paper,"Säm Krucker, Steven Christe, Lindsay Glesener, Shin-nosuke Ishikawa, Stephen McBride, David Glaser, Paul Turin, R. P. Lin, Mikhail Gubarev, Brian Ramsey, Shinya Saito, Yasuyuki Tanaka, Tadayuki Takahashi, Shin Watanabe, Takaaki Tanaka, Hiroyasu Tajima, Satoshi Masuda",,,10.1117/12.895271,https://doi.org/10.1117/12.895271,no
2023,"The need for focused, hard X-ray investigations of the Sun",arXiv preprint arXiv:2306.05447,article,,,,,,no
2023,Variability in low Mars atmosphere's H$_2$O concentration stimulated by solar cycle activity,arXiv (Cornell University),preprint,"Córdoba, Johan Nicolás Molina, S. Vargas Domínguez, Jorge I. Zuluaga",Johan Nicolás Molina; Santiago Vargas Domínguez,,10.48550/arxiv.2309.02809,https://doi.org/10.48550/arxiv.2309.02809,no
2023,"Vol. 55, Issue 3 (Heliophysics 2024 Decadal Whitepapers)",Bulletin of the AAS,article,"Juliana T. Vievering, Sabrina Savage, Juan Camilo Buitrago-Casas, Katharine K. Reeves, Vicki Herde, Lindsay Glesener, Juan Carlos Martinez Oliveros, P. S. Athiray, Leon Golub, Gongbo Liang, Phillip C. Chamberlin, A. Gordon Emslie, Paolo Massa, Pascal Saint-Hilaire, Janet Machol, Courtney Peck, Amy Winebarger, Genevieve Vigil, Marianne Peterson, Valentin Martinez Pillet, Brent Smith",Juan Camilo Buitrago; Juan Carlos Martínez Oliveros,,10.3847/25c2cfeb.29c478f9,https://doi.org/10.3847/25c2cfeb.29c478f9,no
2022,2pi steroradian radio observations of the 28-10-2021 solar flare,44th COSPAR Scientific Assembly. Held 16-24 July,article,,,,,,no
2022,Aplicación de técnicas de Deep Learning en modelamiento y observación de la fotósfera solar,CIENCIA EN DESARROLLO,article,"Germain Nicolás Morales Suarez, Juan Esteban Agudelo Ortiz, S. Vargas Domínguez, Sergiy Shelyag",Germain Nicolas Morales Suárez; Juan Esteban Agudelo Ortiz; Santiago Vargas Domínguez,Juan Esteban Agudelo Ortiz,10.19053/01217488.v1.n2e.2022.15240,https://doi.org/10.19053/01217488.v1.n2e.2022.15240,sí
2022,Aplicación de técnicas de Deep Learning en modelamiento y observación de la fotósfera solar,Deakin Research Online (Deakin University),conference-paper,"Germain Nicolás Morales Suarez, Juan Esteban Agudelo Ortiz, S. Vargas Domínguez, Sergiy Shelyag",Germain Nicolas Morales Suárez; Juan Esteban Agudelo Ortiz; Santiago Vargas Domínguez,Juan Esteban Agudelo Ortiz,10.26187/deakin.32796450,https://doi.org/10.26187/deakin.32796450,sí
2022,CURIE: Low Frequency Radio Interferometry from Space,Fall Meeting 2022,conference-paper,,,,,,no
2022,"Caribbean Astronomy for Inclusion (CAI): Transforming ""Theory"" on Inclusion into Concrete Actions",Revista Mexicana de Astronomía y Astrofísica Serie de Conferencias,article,"B. Ocaña Flaquer, W. Diaz Merced, Shirin Haque, R. Narcisse, Javier Mejuto, Ernielyn S. Diaz, S. Vargas Domínguez, Allyson Bieryla, Kathleen DeGioia Eastwood",Santiago Vargas Domínguez,,10.22201/ia.14052059p.2022.54.18,https://doi.org/10.22201/ia.14052059p.2022.54.18,sí
2022,Chromospheric Counterpart of the Medium-Scale Solar Wind Switchbacks,Fall Meeting 2022,conference-paper,,,,,,no
2022,Detector System for Time-Domain Astrophysics in the Soft Gamma-ray Regime,AAS/High Energy Astrophysics Division,article,,,,,,no
2022,Energy Transport during 3D Small-scale Reconnection Driven by Anisotropic Plasma Turbulence,The Astrophysical Journal,article,"Jeffersson Andres Agudelo Rueda, Daniel Verscharen, Robert T. Wicks, Christopher John Owen, Georgios Nicolaou, K. Germaschewski, Andrew P. Walsh, I. Zouganelis, S. Vargas Domínguez",Santiago Vargas Domínguez,,10.3847/1538-4357/ac8667,https://doi.org/10.3847/1538-4357/ac8667,no
2022,Energy transport during 3D small-scale reconnection driven by anisotropic plasma turbulence,arXiv (Cornell University),preprint,"Jeffersson Andres Agudelo Rueda, Daniel Verscharen, Robert T. Wicks, Christopher John Owen, Georgios Nicolaou, K. Germaschewski, Andrew P. Walsh, I. Zouganelis, S. Vargas Domínguez",Santiago Vargas Domínguez,,10.48550/arxiv.2208.02350,https://doi.org/10.48550/arxiv.2208.02350,no
2022,Engaging scientific diasporas in steam education: the case of science clubs Colombia,Frontiers in Research Metrics and Analytics,article,"Bryann E. Avendano-Uribe, Andres Lombana-Bermudez, Laura V. Flórez, Elisa Chaparro, Adriana Carolina Hernandez-Morales, Jorge Archbold, Juan Camilo Buitrago-Casas, Ana Maria Porras",Juan Camilo Buitrago,,10.3389/frma.2022.898167,https://doi.org/10.3389/frma.2022.898167,no
2022,Estudio de las velocidades Doppler y su relación con las oscilaciones del campo magnético en la penumbra de las manchas solares,CIENCIA EN DESARROLLO,article,"Francisco J. Ordoñez Araujo, Benjamín Calvo Mozo, Sebastian J. Castellanos Durán",Benjamín Calvo Mozo,,10.19053/01217488.v1.n2e.2022.15245,https://doi.org/10.19053/01217488.v1.n2e.2022.15245,no
2022,High resolution FOXSI: The development of FOXSI-4,Space Telescopes and Instrumentation 2022: Ultraviolet to Gamma Ray,conference-paper,,,,,,no
2022,Interaction of convective plasma and small-scale magnetic fields in the lower solar atmosphere,Reviews of Modern Plasma Physics,article,"S. Vargas Domínguez, D. Utz",Santiago Vargas Domínguez,,10.1007/s41614-022-00094-0,https://doi.org/10.1007/s41614-022-00094-0,no
2022,Interaction of convective plasma and small-scale magnetic fields in the lower solar atmosphere,arXiv (Cornell University),preprint,"S. Vargas Domínguez, D. Utz",Santiago Vargas Domínguez,,10.48550/arxiv.2210.02520,https://doi.org/10.48550/arxiv.2210.02520,no
2022,Investigating a Possible Earth to Sun Connection-Can the Earth Affect the Sun?,Fall Meeting 2022,conference-paper,,,,,,no
2022,Modeling effects of charge sharing on the response of the FOXSI sounding rockets,"X-Ray, Optical, and Infrared Detectors for Astronomy X",conference-paper,"Jessie Duncan, P. Subramania Athiray, Sophie Musset, Juliana Vievering, Shunsaku Nagasawa, Juan Camilo Buitrago Casas, Lindsay Glesener, Tadayuki Takahashi, Shin Watanabe, Yixian Zhang, Steven Christe, Alastair MacDowell, Sam Krucker",Juan Camilo Buitrago,,10.1117/12.2629443,https://doi.org/10.1117/12.2629443,no
2022,Observations of Thomson Scattering from a Loop-prominence System,The Astrophysical Journal,article,"Juan Carlos Martínez Oliveros, Juan Camilo Guevara Gómez, Pascal Saint-Hilaire, Hugh Hudson, Säm Krucker",Juan Carlos Martínez Oliveros; Juan Camilo Guevara Gómez,,10.3847/1538-4357/ac83b7,https://doi.org/10.3847/1538-4357/ac83b7,no
2022,"Observations of Thomson scattering from a loop-prominence system: density, mass and sunspot effects",Fall Meeting 2022,conference-paper,,,,,,no
2022,Photospheric magnetic field variation during solar flares and their implication for the generation of sunquakes,Proceedings of the International Astronomical Union,article,"S. Vargas Domínguez, W. Caicedo Tez, Joseph C. Casas",Santiago Vargas Domínguez; Willinton Caicedo,,10.1017/s1743921322005026,https://doi.org/10.1017/s1743921322005026,no
2022,Radio waves and whistler-mode waves in solar wind and their interactions with energetic electrons,Authorea Preprints,preprint,"Cynthia Cattell, Aaron Breneman, Lindsay Glesener, Ben Leiran, Ben Short, Juan Carlos Martinez Oliveros, Jasper Halekas, Parker Solar Probe FIELDS TEAM, Parker Solar Probe SWEAP Team",Juan Carlos Martínez Oliveros,,10.1002/essoar.10505133.1,https://doi.org/10.1002/essoar.10505133.1,no
2022,Sobre el movimiento y propiedades físicas de puntos magnéticos brillantes en la fotosfera solar,CIENCIA EN DESARROLLO,article,"Yeimy Gerardine Berrios Saavedra, D. Utz, S. Vargas Domínguez",Santiago Vargas Domínguez,,10.19053/01217488.v1.n2e.2022.15241,https://doi.org/10.19053/01217488.v1.n2e.2022.15241,no
2022,Solar Chromospheric Network as a Source for Solar Wind Switchbacks,The Astrophysical Journal Letters,article,"Jeongwoo Lee, Vasyl Yurchyshyn, Haimin Wang, Xu Yang, Wenda Cao, Juan Carlos Martínez Oliveros",Juan Carlos Martínez Oliveros,,10.3847/2041-8213/ac86bf,https://doi.org/10.3847/2041-8213/ac86bf,no
2022,Sonificando el brillo de las estrellas,CIENCIA EN DESARROLLO,article,"Javier Sánchez González, S. Vargas Domínguez",Javier Sánchez González; Santiago Vargas Domínguez,,10.19053/01217488.v1.n2e.2022.15244,https://doi.org/10.19053/01217488.v1.n2e.2022.15244,no
2022,The Compton Spectrometer and Imager,AAS/High Energy Astrophysics Division,article,,,,,,no
2022,The Compton Spectrometer and Imager (in MeV session),AAS/High Energy Astrophysics Division,article,,,,,,no
2022,The Eclipse Megamovie Project (2017),arXiv preprint arXiv:2207.13704,article,"Hugh S. Hudson, Laura Peticolas, Calvin Johnson, Vivian White, Mark Bender, Jay M. Pasachoff, Juan Carlos Martínez Oliveros, Alexei V. Filippenko",Juan Carlos Martínez Oliveros,,10.3724/sp.j.1440-2807.2021.04.17,https://doi.org/10.3724/sp.j.1440-2807.2021.04.17,no
2022,The FOXSI-4 Sounding Rocket: Focusing X-ray Instrument for Solar Flare Observations,Fall Meeting 2022,conference-paper,,,,,,no
2022,The IAU-Women in Astronomy Working Group and Inclusivity,Revista Mexicana de Astronomía y Astrofísica Serie de Conferencias,article,"Priya Hasan, M. Pandey-Pommier, S. Vargas Domínguez, A. Piccialli, Alshaimaa Hassanin, D. Lazzaro, Dara J. Norman, B. J. Wilkes, J. W. Leibacher, Claudia del P. Lagos, J. Masegosa, L. Yang, David Valls-Gabaud, Aya Bamba, Jolanta Nastula",Santiago Vargas Domínguez,,10.22201/ia.14052059p.2022.54.30,https://doi.org/10.22201/ia.14052059p.2022.54.30,sí
2022,The Quad-Timepix/Timepix3 Detector: A novel solution for coming solar high energy space experiments,The Third Triennial Earth-Sun Summit (TESS,article,,,,,,no
2022,The faintest solar coronal hard X-rays observed with FOXSI,Astronomy & Astrophysics,article,"Juan Camilo Buitrago-Casas, Lindsay Glesener, Steven Christe, Säm Krucker, Juliana Vievering, P. S. Athiray, Sophie Musset, Lance Davis, Sasha Courtade, Gregory Dalton, Paul Turin, Zoe Turin, Brian Ramsey, Stephen Bongiorno, Daniel Ryan, Tadayuki Takahashi, Kento Furukawa, Shin Watanabe, Noriyuki Narukage, Shin-nosuke Ishikawa, Ikuyuki Mitsuishi, Kouichi Hagino, Van Shourt, Jessie Duncan, Yixian Zhang, Stuart D. Bale",Juan Camilo Buitrago,,10.1051/0004-6361/202243272,https://doi.org/10.1051/0004-6361/202243272,no
2022,"The pioneering scientific endeavor and contributions of Jose Maria Gonzalez Benito (1843-1903), the first Colombian modern astronomer",arXiv (Cornell University),preprint,"Freddy Moreno Cárdenas, S. Vargas Domínguez, Jorge Cuéllar",Santiago Vargas Domínguez,,10.48550/arxiv.2204.08097,https://doi.org/10.48550/arxiv.2204.08097,no
2022,"The pioneering scientific endeavor and contributions of José María González Benito (1843-1903), the first Colombian modern astronomer",Revista de la Academia Colombiana de Ciencias Exactas Físicas y Naturales,article,"Freddy Moreno, S. Vargas Domínguez, Jorge Cuéllar-Moyano",Santiago Vargas Domínguez,,10.18257/raccefyn.1795,https://doi.org/10.18257/raccefyn.1795,no
2022,The solar PolArization and Directivity X-Ray Experiment: PADRE,The Third Triennial Earth-Sun Summit (TESS,article,,,,,,no
2022,"Tracking a Beam of Electrons from the Low Solar Corona into Interplanetary Space with the Low Frequency Array, Parker Solar Probe, and 1 au Spacecraft",The Astrophysical Journal,article,"Samuel T. Badman, Eoin Carley, Luis Alberto Cañizares, Nina Dresing, Lan K. Jian, David Lario, Peter T. Gallagher, Juan C. Martínez Oliveros, Marc Pulupa, Stuart D. Bale",Juan Carlos Martínez Oliveros,,10.3847/1538-4357/ac90c2,https://doi.org/10.3847/1538-4357/ac90c2,no
2022,Transient Acoustic Emission from a Source Submerged Beneath Solar Flare,The Third Triennial Earth-Sun Summit (TESS,article,,,,,,no
2022,Type III Bursts and Solar Energetic Particles,,preprint,"Vratislav Krupar, Adam Szabo, Oksana Kruparova, Ian Richardson, Juan Carlos Martinez Oliveros, Ayris Narock, Jacob Pasanen",Juan Carlos Martínez Oliveros,,10.5194/egusphere-egu22-9844,https://doi.org/10.5194/egusphere-egu22-9844,no
2022,Validating Eclipse Megamovie Crowd-Sourced Data for Solar Coronal Research,Fall Meeting 2022,conference-paper,,,,,,no
2022,What aspects of solar flares can be clarified with mm/submm observations?,Frontiers in Astronomy and Space Sciences,article,"Gregory D. Fleishman, Juan Carlos Martinez Oliveros, Enrico Landi, Lindsay Glesener",Juan Carlos Martínez Oliveros,,10.3389/fspas.2022.966444,https://doi.org/10.3389/fspas.2022.966444,no
2021,Comparative Analysis of Sky Quality and Meteorological Variables During the Total Lunar Eclipse on 14-15 April 2014 and their Effect on Qualitative Measurements of the Bortle Scale,Revista Mexicana de Astronomía y Astrofísica,article,"Cristian Goez Theran, S. Vargas Domínguez",Santiago Vargas Domínguez,,10.22201/ia.01851101p.2021.57.01.03,https://doi.org/10.22201/ia.01851101p.2021.57.01.03,sí
2021,Energy transport during 3D small-scale reconnection driven by anisotropic turbulence using PIC simulations,,conference-abstract,"Jeffersson Andres Agudelo Rueda, Daniel Verscharen, Robert T. Wicks, Christopher John Owen, Georgios Nicolaou, Andrew P. Walsh, I. Zouganelis, K. Germaschewski, S. Vargas Domínguez",Santiago Vargas Domínguez,,10.5194/egusphere-egu21-8544,https://doi.org/10.5194/egusphere-egu21-8544,no
2021,Evidence For Two-component Distributions Describing Magnetic Bright Points In The Solar Photosphere,American Astronomical Society Meeting Abstracts,conference-abstract,"S. Vargas Domínguez, G. Berrios Saavedra, D. Utz, J. I. Campos Rozo, Sergio Javier González Manrique, P. Gömöry, C. Kuckein, H. Balthasar, Peter Zelina",Santiago Vargas Domínguez; Jose Ivan Campos Rozo,,,https://openalex.org/W3215203838,no
2021,FOXSI-2 solar microflares. II. Hard x-ray imaging spectroscopy and flare energetics,The Astrophysical Journal,article,"Juliana T. Vievering, Lindsay Glesener, P. S. Athiray, Juan Camilo Buitrago-Casas, Sophie Musset, Daniel F. Ryan, Shin-nosuke Ishikawa, Jessie Duncan, Steven Christe, Säm Krucker",Juan Camilo Buitrago,,10.3847/1538-4357/abf145,https://doi.org/10.3847/1538-4357/abf145,no
2021,FOXSI-4: the high resolution focusing X-ray rocket payload to observe a solar flare,"UV, X-Ray, and Gamma-Ray Space Instrumentation for Astronomy XXII",conference-paper,"Juan Camilo Buitrago-Casas, Juliana Vievering, Sophie Musset, Lindsay Glesener, P. S. Athiray, Wayne H. Baumgartner, Stephen Bongiorno, Patrick Champey, Steven D. Christe, Sasha Courtade, Gregory Dalton, Jessie Duncan, Kelsey Gilchrist, Shin-nosuke Ishikawa, Christine Jhabvala, Hunter Kanniainen, Säm Krucker, Gregory Kyle, Juan Carlos Martinez-Oliveros, Jeff McCracken, Ikuyuki Mitsuishi, Noriyuki Narukage, Athanasios Pantazides, Eliad Peretz, Savannah Perez-Piel, Aruna Ramanayaka, Brian Ramsey, Daniel F. Ryan, Sabrina Savage, Tadayuki Takahashi, Shin Watanabe, Amy Winebarger, Yixian Zhang",Juan Camilo Buitrago; Juan Carlos Martínez Oliveros,,10.1117/12.2594701,https://doi.org/10.1117/12.2594701,no
2021,Latin American Network for Scientific Culture (RedLCC): A Regional Science Communication Initiative,Frontiers in Research Metrics and Analytics,article,"Félix Moronta-Barrios, S. Vargas Domínguez, Melanie Nuesch-Germano, Vicente Torres, Selvaggi Katherina, Cecilia Yanina Di Prinzio, Emma O’Brien, Víctor Hernández, Martín Monteiro",Santiago Vargas Domínguez,,10.3389/frma.2021.654022,https://doi.org/10.3389/frma.2021.654022,sí
2021,Observational evidence for two-component distributions describing solar magnetic bright points,Astronomy and Astrophysics,article,"G. Berrios Saavedra, D. Utz, S. Vargas Domínguez, J. I. Campos Rozo, Sergio Javier González Manrique, P. Gömöry, C. Kuckein, H. Balthasar, Peter Zelina",Santiago Vargas Domínguez; Jose Ivan Campos Rozo,,10.1051/0004-6361/202141231,https://doi.org/10.1051/0004-6361/202141231,sí
2021,Observational evidence for two-component distributions describing solar magnetic bright points,Springer Link (Chiba Institute of Technology),article,"G. Berrios Saavedra, D. Utz, S. Vargas Domínguez, J. I. Campos Rozo, Sergio Javier González Manrique, P. Gömöry, C. Kuckein, H. Balthasar, Peter Zelina",Santiago Vargas Domínguez; Jose Ivan Campos Rozo,,10.48550/arxiv.2110.12404,https://doi.org/10.48550/arxiv.2110.12404,sí
2021,Periodicities in an active region correlated with Type III radio bursts observed by Parker Solar Probe,Astronomy & Astrophysics,article,"Cynthia Cattell, Lindsay Glesener, Benjamin Leiran, John Dombeck, Keith Goetz, Juan Carlos Martínez Oliveros, Samuel T. Badman, Marc Pulupa, Stuart D. Bale",Juan Carlos Martínez Oliveros,,10.1051/0004-6361/202039510,https://doi.org/10.1051/0004-6361/202039510,no
2021,Quad-Timepix/Timepix3 Detector Development for Solar Physics,AGU Fall Meeting Abstracts,conference-paper,,,,,,no
2021,RED LATINOAMERICANA DE CULTURA CIENTÍFICA (REDLCC): UNA INICIATIVA REGIONAL DE COMUNICACIÓN CIENTÍFICA,Zenodo (CERN European Organization for Nuclear Research),article,"Félix Moronta-Barrios, S. Vargas Domínguez, Melanie Nuesch-Germano, Torres, Vicente, Selvaggi Katherina, Cecilia Yanina Di Prinzio, Emma O’Brien, Víctor Hernández, Martín Monteiro",Santiago Vargas Domínguez,,10.5281/zenodo.4657118,https://doi.org/10.5281/zenodo.4657118,no
2021,Regino Enrique Martínez-Chavanz,Revista de la Academia Colombiana de Ciencias Exactas Físicas y Naturales,article,"Mario A Higuera, Santiago Vargas, Alejandro Jiménez, Lady Johana González, Juanita Ariza, Clara Helena Sánchez",Santiago Vargas Domínguez,,,https://openalex.org/W3194920922,no
2021,Regino Enrique Martínez-Chavanz,DOAJ (DOAJ: Directory of Open Access Journals),article,"M. A. Higuera-G., Santiago Vargas, Alejandro Jiménez, Lady Johana González, Juanita Ariza, Clara Helena Sánchez",Santiago Vargas Domínguez,,10.18257/raccefyn.1500,https://doi.org/10.18257/raccefyn.1500,no
2021,Slow drifting features in interplanetary Type III radio bursts,AGU Fall Meeting Abstracts,conference-paper,,,,,,no
2021,Study Of The Quiet Solar Extreme Ultraviolet Emission and its Flaring Properties,AGU Fall Meeting Abstracts,conference-paper,,,,,,no
2021,The Solar Activity Monitor Network – SAMNet,Journal of Space Weather and Space Climate,article,"R. Erdélyi, Marianna Brigitta Korsós, Xin Huang, Yang Yong, Danielle Pizzey, Steven A. Wrathmall, Ifan G. Hughes, Martin J. Dyer, V. S. Dhillon, B. Belucz, Roman Brajša, Piyali Chatterjee, Xuewu Cheng, Yuanyong Deng, S. Vargas Domínguez, Raúl Joya, P. Gömöry, Norbert G. Gyenge, A. Hanslmeier, Ales Kucera, D. Kuridze, Faquan Li, Zhong Liu, Long Xu, Mihalis Mathioudakis, S. A. Matthews, R. T. James McAteer, Alexei A. Pevtsov, W. Pötzi, Paolo Romano, Jinhua Shen, János Temesváry, Andrey Georgievich Tlatov, Charles Triana, D. Utz, Astrid Veronig, Yumin Wang, Yihua Yan, Teimuraz V. Zaqarashvili, Francesca Zuccarello",Santiago Vargas Domínguez,,10.1051/swsc/2021025,https://doi.org/10.1051/swsc/2021025,no
2021,The active region source of a type III radio storm observed by Parker Solar Probe during encounter 2,Astronomy and Astrophysics,article,"L. K. Harra, David H. Brooks, Stuart D. Bale, C. H. Mandrini, Krzysztof Barczyński, Rohit Sharma, Samuel T. Badman, S. Vargas Domínguez, M. Pulupa",Santiago Vargas Domínguez,,10.1051/0004-6361/202039514,https://doi.org/10.1051/0004-6361/202039514,sí
2021,Thomson Scattering in the Lower Corona in the Presence of Sunspots,The Astrophysical Journal,article,"Pascal Saint-Hilaire, Juan Carlos Martínez Oliveros, Hugh S. Hudson",Juan Carlos Martínez Oliveros,,10.3847/1538-4357/ac2f9b,https://doi.org/10.3847/1538-4357/ac2f9b,no
2021,Three-dimensional magnetic reconnection in particle-in-cell simulations of anisotropic plasma turbulence,Journal of Plasma Physics,article,"Jeffersson Andres Agudelo Rueda, Daniel Verscharen, Robert T. Wicks, Christopher John Owen, Georgios Nicolaou, Andrew P. Walsh, I. Zouganelis, K. Germaschewski, S. Vargas Domínguez",Santiago Vargas Domínguez,,10.1017/s0022377821000404,https://doi.org/10.1017/s0022377821000404,sí
2021,What on Sun can be so fast at that depth to trigger such a deeply emerged seismic source?,43rd COSPAR Scientific Assembly. Held 28 January-4 February,article,,,,,,no
2020,An In Situ Interplanetary “U-burst”: Observation and Results,The Astrophysical Journal,article,"Juan Carlos Martínez Oliveros, Saida Milena Díaz Castillo, Vratislav Krupar, Marc Pulupa, Stuart D. Bale, Benjamín Calvo-Mozo",Juan Carlos Martínez Oliveros; Benjamín Calvo Mozo,,10.3847/1538-4357/ab96c3,https://doi.org/10.3847/1538-4357/ab96c3,no
2020,Analysis of magnetic polarities in active regions for the prediction of solar flares,arXiv (Cornell University),preprint,"N. Granados Hernández, S. Vargas Domínguez",Santiago Vargas Domínguez,,10.48550/arxiv.2012.04050,https://doi.org/10.48550/arxiv.2012.04050,no
2020,Análisis de polaridades magnéticas en regiones activas para la predicción de fulguraciones solares,Revista de la Academia Colombiana de Ciencias Exactas Físicas y Naturales,article,"Natalia Granados-Hernández, S. Vargas Domínguez",Santiago Vargas Domínguez,,10.18257/raccefyn.1196,https://doi.org/10.18257/raccefyn.1196,sí
2020,Automatic Detection of Light Bridges in Solar Active Regions Based on Deep Learning Techniques,,article,"Bernardo Gómez, S. Vargas Domínguez, Raquel Martínez",Santiago Vargas Domínguez,,,https://openalex.org/W3094954737,no
2020,Dimension espacial de la ciencia y la tecnologia en Colombia,Escuela Superior de Guerra eBooks,book-chapter,"Raúl Eduardo Gutiérrez Gómez, S. Vargas Domínguez",Santiago Vargas Domínguez,,10.25062/9789585245631.09,https://doi.org/10.25062/9789585245631.09,no
2020,Experiences in dynamic line rating (DLR) using a wireless line monitoring system (ILMS),15th International Conference on Developments in Power System Protection (DPSP 2020),conference-paper,"J. Cardenas, S. Vargas Domínguez, R. Kommu",Santiago Vargas Domínguez,,10.1049/cp.2020.0140,https://doi.org/10.1049/cp.2020.0140,no
2020,FOXSI-2 solar microflares. I. Multi-instrument differential emission measure analysis and thermal energies,The Astrophysical Journal,article,"P. S. Athiray, Juliana Vievering, Lindsay Glesener, Shin-nosuke Ishikawa, Noriyuki Narukage, Juan Camilo Buitrago-Casas, Sophie Musset, Andrew Inglis, Steven Christe, Säm Krucker, Daniel Ryan",Juan Camilo Buitrago,,10.3847/1538-4357/ab7200,https://doi.org/10.3847/1538-4357/ab7200,no
2020,Identifying and Quantifying the Role of Magnetic Reconnection in Space Plasma Turbulence,,conference-abstract,"Jeffersson Andres Agudelo Rueda, Daniel Verscharen, Robert T. Wicks, Christopher John Owen, Georgios Nicolaou, Andrew P. Walsh, I. Zouganelis, S. Vargas Domínguez",Santiago Vargas Domínguez,,10.5194/egusphere-egu2020-3573,https://doi.org/10.5194/egusphere-egu2020-3573,no
2020,Los Clubes de Ciencia Colombia,Recuperado de https://innovacionyciencia. com/articulos_cientificos/los-clubes-de-ciencia-colombia,article,,,,,,no
2020,Magnetic Connectivity of the Ecliptic Plane within 0.5 au: Potential Field Source Surface Modeling of the First Parker Solar Probe Encounter,The Astrophysical Journal Supplement Series,article,"Samuel T. Badman, Stuart D. Bale, Juan C. Martínez Oliveros, Olga Panasenco, Marco Velli, David Stansby, Juan C. Buitrago-Casas, Victor Réville, John W. Bonnell, Anthony W. Case, Thierry Dudok de Wit, Keith Goetz, Peter R. Harvey, Justin C. Kasper, Kelly E. Korreck, Davin E. Larson, Roberto Livi, Robert J. MacDowall, David M. Malaspina, Marc Pulupa, Michael L. Stevens, Phyllis L. Whittlesey",Juan Carlos Martínez Oliveros; Juan Camilo Buitrago,,10.3847/1538-4365/ab4da7,https://doi.org/10.3847/1538-4365/ab4da7,no
2020,Magnetic Flux Emergence in a Coronal Hole,Solar Physics,article,"Judith Palacios, Dominik Utz, Stefan Hofmeister, Kilian Krikova, Peter Gömöry, Christoph Kuckein, Carsten Denker, Meetu Verma, Sergio Javier González Manrique, Jose Iván Campos Rozo, Július Koza, Manuela Temmer, Astrid Veronig, Andrea Diercke, Ioannis Kontogiannis, Consuelo Cid",Jose Ivan Campos Rozo,,10.1007/s11207-020-01629-9,https://doi.org/10.1007/s11207-020-01629-9,no
2020,Solar Energetic Particles and Interplanetary Type III Bursts,AGU Fall Meeting Abstracts,conference-paper,,,,,,no
2020,Spontaneous Reconnection in Three-Dimensional Particle-In-Cell Simulations of Collisionless Plasma Turbulence,AGU Fall Meeting Abstracts,conference-abstract,"Jeffersson Andres Agudelo Rueda, Daniel Verscharen, Robert T. Wicks, Christopher John Owen, Georgios Nicolaou, Andrew P. Walsh, I. Zouganelis, K. Germaschewski, S. Vargas Domínguez",Santiago Vargas Domínguez,,,https://openalex.org/W3203829608,no
2020,Statistics and polarization of type III radio bursts observed in the inner heliosphere,The Astrophysical Journal Supplement Series,article,,,,,,no
2020,Submerged Sources of Transient Acoustic Emission from Solar Flares,The Astrophysical Journal Letters,article,"Charles A. Lindsey, Juan Camilo Buitrago‐Casas, Juan Carlos Martínez Oliveros, D. C. Braun, Angel D. Martínez, Valeria Quintero Ortega, B. Calvo-Mozo, Alina C. Donea",Juan Camilo Buitrago; Juan Carlos Martínez Oliveros; Angel Daniel Martínez; Valeria Quintero Ortega; Benjamín Calvo Mozo,,10.3847/2041-8213/abad2a,https://doi.org/10.3847/2041-8213/abad2a,sí
2020,SunPy: A Python package for Solar Physics,Journal of Open Source Software,article,"Stuart Mumford, Nabil Freij, Steven Christe, Jack Ireland, Florian Mayer, V. Hughitt, Albert Shih, Daniel Ryan, Simon Liedtke, David Pérez-Suárez, Pritish Chakraborty, Vishnunarayan K, Andrew Inglis, Punyaslok Pattnaik, Brigitta Sipőcz, Rishabh Sharma, Andrew Leonard, David Stansby, Russell Hewett, Alex Hamilton, Laura Hayes, Asish Panda, Matt Earnshaw, Nitin Choudhary, Ankit Kumar, Prateek Chanda, Md Haque, Michael Kirk, Michael Mueller, Sudarshan Konge, Rajul Srivastava, Yash Jain, Samuel Bennett, Ankit Baruah, Will Barnes, Michael Charlton, Shane Maloney, Nicky Chorley, Himanshu No Last Name, Sanskar Modi, James Mason, Jose Rozo, Larry Manley, Agneet Chatterjee, John Evans, Michael Malocha, Monica Bobra, Sourav Ghosh, Dominik Stańczak, Ruben De Visscher, Shresth Verma, Ankit Agrawal, Dumindu Buddhika, Swapnil Sharma, Jongyeob Park, Matt Bates, Dhruv Goel, Garrison Taylor, Goran Cetusic, Jacob No Last Name, Mateo Inchaurrandieta, Sally Dacie, Sanjeev Dubey, Deepankar Sharma, Erik Bray, Jai Rideout, Serge Zahniy, Tomas Meszaros, Abhigyan Bose, André Chicrala, Ankit No Last Name, Chloé Guennou, Daniel D’Avella, Daniel Williams, Jordan Ballew, Nick Murphy, Priyank Lodha, Thomas Robitaille, Yash Krishan, Andrew Hill, Arthur Eigenbrot, Benjamin Mampaey, Bernhard Wiedemann, Carlos Molina, Duygu Keşkek, Ishtyaq Habib, Joseph Letts, Juanjo Bazán, Quinn Arbolante, Reid Gomillion, Yash Kothari, Yash Sharma, Abigail Stevens, Adrian Price-Whelan, Ambar Mehrotra, Arseniy Kustov, Brandon Stone, Trung Dang, Emmanuel Arias, Fionnlagh Dover, Freek Verstringe, Gulshan Kumar, Harsh Mathur, Igor Babuschkin, Jaylen Wimbish, Juan Buitrago-Casas, Kalpesh Krishna, Kaustubh Hiware, Manas Mangaonkar, Matthew Mendero, Mickaël Schoentgen, Norbert Gyenge, Ole Streicher, Rajasekhar Mekala, Rishabh Mishra, Shashank Srikanth, Sarthak Jain, Tannmay Yadav, Tessa Wilkinson, Tiago Pereira, Yudhik Agrawal, Jamescalixto No Last Name, Yasintoda No Last Name, Sophie Murray",Jose Ivan Campos Rozo; Juan Camilo Buitrago,,10.21105/joss.01832,https://doi.org/10.21105/joss.01832,no
2020,Sunpy: A python package for solar physics,Journal of Open Source Software,article,,,,,,no
2020,The 2017 September 10 loop-prominence system: A polarization and density analysis,AGU Fall Meeting Abstracts,conference-paper,,,,,,no
2020,The FOXSI-4 Sounding Rocket: High Resolution Focused X-ray Observations of the Sun,AGU Fall Meeting Abstracts,conference-paper,,,,,,no
2020,The Micro Solar Flare Apparatus (MiSolFA),AGU Fall Meeting Abstracts,conference-paper,,,,,,no
2020,Timepix3 Chip: Calibration Procedure and Results,AGU Fall Meeting Abstracts,conference-paper,,,,,,no
2020,Ultra-impulsive Solar Flare Seismology,The Astrophysical Journal Letters,article,"Angel D. Martínez, Valeria Quintero Ortega, Juan Camilo Buitrago‐Casas, Juan Carlos Martínez Oliveros, B. Calvo-Mozo, Charles A. Lindsey",Angel Daniel Martínez; Valeria Quintero Ortega; Juan Camilo Buitrago; Juan Carlos Martínez Oliveros; Benjamín Calvo Mozo,,10.3847/2041-8213/ab9173,https://doi.org/10.3847/2041-8213/ab9173,no
2020,Use of a ray-tracing simulation to characterize ghost rays in the FOXSI rocket experiment,Journal of Instrumentation,article,"J.C. Buitrago-Casas, S. Christe, L. Glesener, S. Krucker, B. Ramsey, S. Bongiorno, K. Kilaru, P.S. Athiray, N. Narukage, S. Ishikawa, G. Dalton, S. Courtade, S. Musset, J. Vievering, D. Ryan, S. Bale",Juan Camilo Buitrago,,10.1088/1748-0221/15/11/p11032,https://doi.org/10.1088/1748-0221/15/11/p11032,no
2019,A correlation Study of Coronal EUV Brightenings and Radio Emission Observed by Parker Solar Probe,AGU Fall Meeting Abstracts,conference-paper,,,,,,no
2019,A general local causality principle of space-time,arXiv (Cornell University),preprint,B. Calvo-Mozo,Benjamín Calvo Mozo,,10.48550/arxiv.1906.02368,https://doi.org/10.48550/arxiv.1906.02368,no
2019,Characterization of fine-pitch cadmium telluride detectors for the FOXSI sounding rocket experiment (Conference Presentation),"UV, X-Ray, and Gamma-Ray Space Instrumentation for Astronomy XXI",conference-paper,"Juliana Vievering, Lindsay Glesener, P. Subramania Athiray, Sophie Musset, Shin-nosuke Ishikawa, Juan Camilo Buitrago-Casas, Tadayuki Takahashi, Shin Watanabe, Kento Furukawa, Kouichi Hagino, Daniel F. Ryan, Andrew Inglis, Säm Krucker, Steven Christe, Sasha Courtade",Juan Camilo Buitrago,,10.1117/12.2530107,https://doi.org/10.1117/12.2530107,no
2019,Development of 60 $μ$m pitch CdTe double-sided strip detectors for the FOXSI-3 sounding rocket experiment,"Nuclear Instruments and Methods in Physics Research Section A: Accelerators, Spectrometers, Detectors and Associated Equipment",article,,,,,,no
2019,Eclipse megamovie 2017 successes and potential for future work,Celebrating the 2017 Great American Eclipse: Lessons Learned from the Path of Totality,article,,,,,,no
2019,Ghost-ray reduction and early results from the third FOXSI sounding rocket flight,"UV, X-ray, and Gamma-Ray Space Instrumentation for Astronomy XXI",conference-paper,"Sophie Musset, Juan Camilo Buitrago-Casas, Lindsay Glesener, Stephen Bongiorno, Sasha Courtade, P. Subramania Athiray, Juliana Vievering, Shin-nosuke Ishikawa, Noriyuki Narukage, Kento Furukawa, Daniel F. Ryan, Greg Dalton, Zoe Turin, Lance Davis, Tadayuki Takahashi, Shin Watanabe, Ikuyuki Mitsuishi, Kouichi Hagino, Tomoko Kawate, Paul Turin, Steven Christe, Brian D. Ramsey, Säm Krucker",Juan Camilo Buitrago,,10.1117/12.2530029,https://doi.org/10.1117/12.2530029,no
2019,Highly structured slow solar wind emerging from an equatorial coronal hole,Nature,article,,,,,,no
2019,Magnetic connectivity of the ecliptic plane within 0.5 AU: PFSS modelling of the early PSP encounters,AGU Fall Meeting Abstracts,conference-paper,,,,,,no
2019,On the observation of a classical loop-prominence system during the 2017 September 10 flare.,American Astronomical Society Meeting Abstracts# 234,conference-paper,,,,,,no
2019,Photospheric plasma and magnetic field dynamics during the formation of solar AR 11190,Astronomy and Astrophysics,article,"J. I. Campos Rozo, D. Utz, S. Vargas Domínguez, Astrid Veronig, Tom Van Doorsselaere",Jose Ivan Campos Rozo; Santiago Vargas Domínguez,,10.1051/0004-6361/201832760,https://doi.org/10.1051/0004-6361/201832760,sí
2019,Solar flare hard X-ray and gamma-ray imaging spectro-polarimetry with GRIPS and SAPPHIRE/SHARPIE,AGU Fall Meeting Abstracts,conference-paper,,,,,,no
2019,The Educational and Influential Power of the Sun,Communicating astronomy with the public journal,article,"Alejandro Cárdenas-Avendaño, S. Vargas Domínguez, Francisco Javier Moreno, B. Calvo",Santiago Vargas Domínguez; Benjamín Calvo Mozo,,,https://openalex.org/W3164003867,no
2019,The magnetic structure and electrodynamics of the emerging solar wind,AGU Fall Meeting Abstracts,conference-paper,,,,,,no
2019,Type III Radio Bursts Observed in the Inner Heliosphere,AGU Fall Meeting Abstracts,conference-paper,,,,,,no
2018,Analysis of large-scale photospheric dynamics during the solar cycle 24,Scientia et technica,article,"Valeria Quintero Ortega, J. I. Campos Rozo, S. Vargas Domínguez",Valeria Quintero Ortega; Jose Ivan Campos Rozo; Santiago Vargas Domínguez,,10.22517/23447214.17541,https://doi.org/10.22517/23447214.17541,no
2018,Eclipse Megamovie 2017: How did we do?,American Astronomical Society Meeting Abstracts# 231,conference-paper,,,,,,no
2018,FM14 Session 2: Communicating Astronomy in our Changing World,Proceedings of the International Astronomical Union,article,"William H. Waller, Lina Canas, Hidehiko Agata, H. Yamaoka, Shigeyuki Karino, D. Cenadelli, A. Bernagozzi, Jean Marc Christille, Matteo De Benedetto, M. Calabrese, P. Calcidese, Richard Gelderman, Saeko S. Hayashi, Donald A. Lubowich, Thomas Madura, Carol A. Christian, David Hurd, Kenneth Silberman, Kyle E. Walker, Shannon McVoy, Robert Massey, Bogumił Radajewski, Maciej Mikołajewski, Krzysztof Czart, Iwona Guz, Adam Rubaszewski, Tomasz Stelmach, Rosa María Ros, Ederlinda Viñuales, Beatriz Garca, Yuly E. Sánchez, S. Vargas Domínguez, César Villalobos Acosta, Nayive Rodríguez, Aswin Sekhar, Maria Sundin, Petra Andersson, Christian Finnsgård, Lars Olof Georg Larsson, Ron Miller, Akihiko Tomita, Yogesh Wadadekar",Santiago Vargas Domínguez,,10.1017/s1743921319005283,https://doi.org/10.1017/s1743921319005283,no
2018,Mapping the Heliospheric Magnetic Field with Solar Radio Burst Source Localization,Solar Heliospheric and INterplanetary Environment (SHINE 2018),article,,,,,,no
2018,Modelling the solar photospheric plasma and magnetic field dynamics during the emergence of AR 11190,,article,"J. I. Campos Rozo, D. Utz, A. Veronig, S. Vargas Domínguez",Jose Ivan Campos Rozo; Santiago Vargas Domínguez,,,https://openalex.org/W3209375387,no
2018,On the energetics of sunquakes and their generation mechanisms,AGU Fall Meeting 2018,conference-paper,,,,,,no
2018,SunPy: Python for Solar Physics,Triennial Earth Sun-Summit,article,,,,,,no
2017,Calibration of the hard x-ray detectors for the FOXSI solar sounding rocket,"UV, X-Ray, and Gamma-Ray Space Instrumentation for Astronomy XX",conference-paper,"Subramania Athiray, Lindsay Glesener, Sam Krucker, Sasha Courtade, Steven D. Christe, Shin-nosuke Ishikawa, Tadayuki Takahashi, Shin Watanabe, Juan Camilo Buitrago Casas, Juliana Vievering, Sophie Musset, Kendra Bergstedt, Keith Goetz, Steven J. Monson",Juan Camilo Buitrago,,10.1117/12.2273915,https://doi.org/10.1117/12.2273915,no
2017,Desarrollo e Implementación de un Sistema de Información Geográfica en Línea como Apoyo al Desarrollo del Plan de Energización Rural Sostenible del Departamento de Cundinamarca,,article,"Laura Isabel Gómez Torres, Paula Jessica González Prieto",Paula Jessica González Prieto,Paula Jessica González Prieto,,https://openalex.org/W2666801261,no
2017,Detection of nanoflare-heated plasma in the solar corona by the FOXSI-2 sounding rocket,Nature Astronomy,article,"Shin-nosuke Ishikawa, Lindsay Glesener, Säm Krucker, Steven Christe, Juan Camilo Buitrago-Casas, Noriyuki Narukage, Juliana Vievering",Juan Camilo Buitrago,,10.1038/s41550-017-0269-z,https://doi.org/10.1038/s41550-017-0269-z,no
2017,Eclipse Megamovie 2017: A Citizen Science Project,AGU Fall Meeting Abstracts,conference-paper,,,,,,no
2017,Flare Energy Release in the Lower Solar Atmosphere near the Magnetic Field Polarity Inversion Line,The Astrophysical Journal,article,"И. Н. Шарыкин, Viacheslav M. Sadykov, Alexander G. Kosovichev, S. Vargas Domínguez, Ivan V. Zimovets",Santiago Vargas Domínguez,,10.3847/1538-4357/aa6dfd,https://doi.org/10.3847/1538-4357/aa6dfd,sí
2017,Fuzzy Inference Systems Tuning with Optimization Algorithms for Solar Flares Classification,TECCIENCIA,article,"Liz Angelica Ramos, Alex Francisco Ramos, Miguel Melgarejo, Santiago Vargas",Santiago Vargas Domínguez,,10.18180/tecciencia.2017.23.5,https://doi.org/10.18180/tecciencia.2017.23.5,no
2017,Methods for reducing singly reflected rays on the Wolter-I focusing mirrors of the FOXSI rocket experiment,"Optics for EUV, X-Ray, and Gamma-Ray Astronomy VIII",conference-paper,"Juan Camilo Buitrago Casas, Lindsay Glesener, Steven D. Christe, Brian D. Ramsey, Ronald Elsner, Sasha Courtade, Juliana Vievering, Athiray Subramania, Säm Krucker, Shin-nosuke Ishikawa, Noriyuki Narukage, Paul Turin, Sophie Musset",Juan Camilo Buitrago,,10.1117/12.2274675,https://doi.org/10.1117/12.2274675,no
2017,Multi-wavelength observations of vortex-like flows in the photosphere using ground-based and space-borne telescopes,arXiv (Cornell University),preprint,"Judith Palacios, S. Vargas Domínguez, L. Balmaceda, I. Cabello, V. Domingo",Santiago Vargas Domínguez,,10.48550/arxiv.1704.00660,https://doi.org/10.48550/arxiv.1704.00660,no
2017,Polar Facular Observations by the Zurich Observatory: A Window to the Evolution of the Polar Fields during the Weakest Cycles of the Last 200 Years,SPD,article,"J. P. Vargas-Acosta, Andrés Muñoz‐Jaramillo, S. Vargas Domínguez, Leif Svalgaard",Santiago Vargas Domínguez,,,https://openalex.org/W2997347993,sí
2017,THE CARRINGTON EVENT AND OBSERVATION OF AURORAE AT VERY LOW LATITUDES,Revista Mexicana de Astronomía y Astrofísica,article,"Freddy Moreno Cárdenas, S. Sanchez, S. Vargas Domínguez",Santiago Vargas Domínguez,,,https://openalex.org/W2770822074,sí
2017,"THE EFFECT OF CEPHEIDS EXHIBITTING BLENDING, BUMPS, ECLIPSES AND PERIOD CHANGES ON THE PERIOD-LUMINOSITY RELATION",Redalyc (Universidad Autónoma del Estado de México),article,"J. R. Muñoz, Alejandro García-Varela, B. E. Sabogal, S. Vargas Domínguez, Johann H. Martínez",Santiago Vargas Domínguez,,,https://openalex.org/W2769175426,sí
2017,"The 2017 Total Solar Eclipse: Science, Reach, and Impact I",2017 AGU Fall Meeting,conference-paper,,,,,,no
2017,"The Solar Probe Plus Radio Frequency Spectrometer: Measurement requirements, analog design, and digital signal processing",Journal of Geophysical Research: Space Physics,article,"M. Pulupa, S. D. Bale, J. W. Bonnell, T. A. Bowen, N. Carruth, K. Goetz, D. Gordon, P. R. Harvey, M. Maksimovic, J. C. Martínez‐Oliveros, M. Moncuquet, P. Saint‐Hilaire, D. Seitz, D. Sundkvist",,,10.1002/2016ja023345,https://doi.org/10.1002/2016ja023345,no
2017,The Sun and its educational spectrum,arXiv (Cornell University),preprint,"Alejandro Cárdenas-Avendaño, S. Vargas Domínguez, Freddy Moreno Cárdenas, B. Calvo-Mozo",Santiago Vargas Domínguez; Benjamín Calvo Mozo,,10.48550/arxiv.1712.07987,https://doi.org/10.48550/arxiv.1712.07987,no
2017,Tuning Up fuzzy inference systems by using optimization algorithms for the classification of solar flares,Repositorio Universidad Distrital,dissertation,"Liz Angélica Ramos Medina, Alex Francisco Bustos Pinzón, Miguel Alberto Melgarejo Rey, Santiago Vargas Dominguez",Santiago Vargas Domínguez,,,https://openalex.org/W7132896604,sí
2017,Tuning up Fuzzy Inference Systems by using optimization algorithms for the classification of solar flares,arXiv (Cornell University),preprint,"Liz Angélica Ramos Medina, Alex Francisco Bustos Pinzón, Miguel Melgarejo, S. Vargas Domínguez",Santiago Vargas Domínguez,,10.48550/arxiv.1706.08163,https://doi.org/10.48550/arxiv.1706.08163,sí
2017,Update on a Solar Magnetic Catalog Spanning Four Solar Cycles,AAS/Solar Physics Division Abstracts #48,article,"J. P. Vargas-Acosta, Andrés Muñoz‐Jaramillo, S. Vargas Domínguez, Zachary Werginz, Michael DeLuca, D. W. Longcope, J. W. Harvey, John C. Windmueller, Jie Zhang, P. C. H. Martens",Santiago Vargas Domínguez,,,https://openalex.org/W3154434505,sí
2016,A Python-based interface to examine motions in time series of solar images,Proceedings of the International Astronomical Union,article,"Jose Iván Campos-Rozo, S. Vargas Domínguez",Jose Ivan Campos Rozo; Santiago Vargas Domínguez,,10.1017/s1743921317003568,https://doi.org/10.1017/s1743921317003568,sí
2016,An analysis of interplanetary solar radio emissions associated with a coronal mass ejection,The Astrophysical Journal Letters,article,,,,,,no
2016,An in-situ u-burst: Observation and results,2016 AGU Fall Meeting,conference-paper,,,,,,no
2016,CURIE: cubesat radio interferometry experiment,AGU Fall Meeting Abstracts,conference-paper,,,,,,no
2016,Characterization of CME-driven shocks in the interplanetary medium using type II radio bursts,AGU Fall Meeting Abstracts,conference-abstract,"Juan Carlos Martínez Oliveros, S. M. Díaz Castillo, B. Calvo-Mozo",Juan Carlos Martínez Oliveros; Benjamín Calvo Mozo,,,https://openalex.org/W3043831096,no
2016,Developing a Solar Magnetic Catalog Spanning Four Cycles,SPD,article,"Zachary Werginz, Andrés Muñoz‐Jaramillo, Michael DeLuca, Juan Pablo Vargas Acosta, S. Vargas Domínguez, Jie Zhang, D. W. Longcope, P. C. H. Martens",Santiago Vargas Domínguez,,,https://openalex.org/W3034740761,no
2016,Development of a Homogenous Database of Bipolar Active Regions Spanning Four Cycles,AGUFM,article,"Andrés Muñoz‐Jaramillo, Zachary Werginz, J. P. Vargas-Acosta, Mark Deluca, S. Vargas Domínguez, D. A. Lamb, Craig E. DeForest, D. W. Longcope, P. C. H. Martens",Santiago Vargas Domínguez,,,https://openalex.org/W3019610878,sí
2016,EMERGENCE OF A SMALL-SCALE MAGNETIC FLUX TUBE AND THE RESPONSE OF THE SOLAR ATMOSPHERE,,article,"S. Vargas Domínguez, Alexander G. Kosovichev, Vasyl B. Yurchyshyn",Santiago Vargas Domínguez,,,https://openalex.org/W2201411679,sí
2016,Eclipse Megamovie Citizen Science: The Diamond Ring,AGU Fall Meeting Abstracts,conference-paper,,,,,,no
2016,"Eclipse Megamovie: Solar Discoveries, Education, and Outreach through Crowdsourcing 2017 Eclipse Images",AGU Fall Meeting Abstracts,conference-paper,,,,,,no
2016,Evidence of in-situ Type II radio bursts in interplanetary shocks,Proceedings of the International Astronomical Union,article,"S. M. Díaz Castillo, Juan Carlos Martínez Oliveros, B. Calvo-Mozo",Juan Carlos Martínez Oliveros; Benjamín Calvo Mozo,,10.1017/s1743921317004008,https://doi.org/10.1017/s1743921317004008,no
2016,Fine-pitch CdTe detector for hard X-ray imaging and spectroscopy of the Sun with the FOXSI rocket experiment,Journal of Geophysical Research: Space Physics,article,,,,,,no
2016,First Colombian Solar Radio Interferometer: current stage,Proceedings of the International Astronomical Union,article,"Juan Camilo Guevara Gómez, Juan Carlos Martínez Oliveros, B. Calvo-Mozo",Juan Camilo Guevara Gómez; Juan Carlos Martínez Oliveros; Benjamín Calvo Mozo,,10.1017/s1743921317000084,https://doi.org/10.1017/s1743921317000084,no
2016,Flares In Time-Domain Surveys,"19th Cambridge Workshop on Cool Stars, Stellar Systems, and the Sun (CS19)",conference-paper,,,,,,no
2016,Foxsi-2: Upgrades of the focusing optics x-ray solar imager for its second flight,Journal of Astronomical Instrumentation,article,"Steven Christe, Lindsay Glesener, Camilo Buitrago-Casas, Shin-Nosuke Ishikawa, Brian Ramsey, Mikhail Gubarev, Kiranmayee Kilaru, Jeffery J. Kolodziejczak, Shin Watanabe, Tadayuki Takahashi, Hiroyasu Tajima, Paul Turin, Van Shourt, Natalie Foster, Sam Krucker",,,10.1142/s2251171716400055,https://doi.org/10.1142/s2251171716400055,no
2016,Impulsivity parameter for solar flares,The Astrophysical Journal,article,"W. G. Fajardo-Mendieta, J. C. Martínez-Oliveros, J. D. Alvarado-Gómez, B. Calvo-Mozo",Juan Carlos Martínez Oliveros; Benjamín Calvo Mozo,,10.3847/0004-637x/818/1/56,https://doi.org/10.3847/0004-637x/818/1/56,no
2016,Influence of a plasma swirl motion on fine magnetic concentrations in the solar photosphere,TECCIENCIA,article,"S. Vargas Domínguez, Judith Palacios, L. Balmaceda, V. Domingo",Santiago Vargas Domínguez,,10.18180/tecciencia.2016.20.1,https://doi.org/10.18180/tecciencia.2016.20.1,sí
2016,Influencia del movimiento de vórtices de plasma en concentraciones magnéticas finas en la fotósfera solar,TECCIENCIA,article,"S. Vargas Domínguez, Judith Palacios, L. Balmaceda, I. Cabello, V. Domingo",Santiago Vargas Domínguez,,,https://openalex.org/W3214590780,no
2016,Initiation and chromospheric effects of a M1.0 class solar flare from high-resolution multi-wavelength observations,Proceedings of the International Astronomical Union,article,"Viacheslav M. Sadykov, Alexander G. Kosovichev, И. Н. Шарыкин, Ivan V. Zimovets, S. Vargas Domínguez",Santiago Vargas Domínguez,,10.1017/s1743921317003994,https://doi.org/10.1017/s1743921317003994,sí
2016,Multi-wavelength Observations of Photospheric Vortex Flows in the Photosphere Using Ground-based and Space-borne Telescopes,Biblioteca Digital da Memória Científica do INPE (National Institute for Space Research),book-chapter,"Judith Palacios, S. Vargas Domínguez, L. Balmaceda, I. Cabello, V. Domingo",Santiago Vargas Domínguez,,,https://openalex.org/W3023527464,sí
2016,Nuevos compañeros en el universo.,Hipótesis: apuntes científicos uniandinos,article,S. Vargas Domínguez,Santiago Vargas Domínguez,,,https://openalex.org/W2992342998,no
2016,Observational Investigation of Energy Release in the Lower Solar Atmosphere of a Solar Flare,arXiv (Cornell University),preprint,"И. Н. Шарыкин, Viacheslav M. Sadykov, Alexander G. Kosovichev, S. Vargas Domínguez, Ivan V. Zimovets",Santiago Vargas Domínguez,,10.48550/arxiv.1604.05380,https://doi.org/10.48550/arxiv.1604.05380,sí
2016,Ondas gravitacionales: una nueva ventana para el conocimiento del universo.,Hipótesis: apuntes científicos uniandinos,article,"S. Vargas Domínguez, Leonardo Castañeda Colorado",Santiago Vargas Domínguez,,,https://openalex.org/W2991855603,no
2016,P-mode induced convective collapse in vertical expanding magnetic flux tubes?,Proceedings of the International Astronomical Union,article,"D. Utz, T. Van Doorsselaere, N. Magyar, M. Bárta, J. I. Campos Rozo",Jose Ivan Campos Rozo,,10.1017/s174392131700401x,https://doi.org/10.1017/s174392131700401x,no
2016,Science objectives of the foxsi small explorer mission concept,AAS/Solar Physics Division Abstracts,article,,,,,,no
2016,Study of the Emission Heights of White-Light Solar Flares and their Hard X-Ray Sources,,article,,,,,,no
2016,"THE INFLUENTIAL EFFECT OF BLENDING, BUMP, CHANGING PERIOD, AND ECLIPSING CEPHEIDS ON THE LEAVITT LAW",The Astrophysical Journal,article,"A. García-Varela, J. R. Muñoz, B. E. Sabogal, S. Vargas Domínguez, J. Martínez",Santiago Vargas Domínguez; Juan Carlos Martínez Oliveros,,10.3847/0004-637x/824/2/74,https://doi.org/10.3847/0004-637x/824/2/74,sí
2016,"The FIELDS instrument suite for Solar Probe Plus: measuring the coronal plasma and magnetic field, plasma waves and turbulence, and radio signatures of solar transients",Space science reviews,article,,,,,,no
2016,The FOXSI solar sounding rocket campaigns,Space Telescopes and Instrumentation 2016: Ultraviolet to Gamma Ray,conference-paper,,,,,,no
2016,The best of both worlds: Using automatic detection and limited human supervision to create a homogenous magnetic catalog spanning four solar cycles,,conference-paper,"Andrés Muñoz‐Jaramillo, Zachary Werginz, J. P. Vargas-Acosta, Michael DeLuca, John C. Windmueller, J. Zhang, D. W. Longcope, D. A. Lamb, Craig E. DeForest, S. Vargas Domínguez, John W. Harvey, P. C. H. Martens",Santiago Vargas Domínguez,,10.1109/bigdata.2016.7840975,https://doi.org/10.1109/bigdata.2016.7840975,sí
2016,"VizieR Online Data Catalog: OGLE LC classification of MC Cepheids (Garcia-Varela+, 2016)",VizieR Online Data Catalog,article,"Alejandro García-Varela, J. R. Munoz, B. E. Sabogal, S. Vargas Domínguez, José Martinez",Santiago Vargas Domínguez,,,https://openalex.org/W3039872335,no
2016,"White-light flares, Hard X-Rays, and Heights",AAS/Solar Physics Division Abstracts# 47,article,,,,,,no
2015,A Polytropic Model of the Solar Interior,AGU Fall Meeting Abstracts,conference-abstract,"B. Calvo-Mozo, Joseph C. Casas, Juan Carlos Martínez Oliveros",Benjamín Calvo Mozo; Juan Carlos Martínez Oliveros,,,https://openalex.org/W2748978013,no
2015,A Statistical Correlation of Sunquakes Based on Their Seismic and White-Light Emission,Solar Physics,article,"Juan Camilo Buitrago‐Casas, Juan Carlos Martínez Oliveros, Charles A. Lindsey, B. Calvo-Mozo, Säm Krucker, Lindsay Glesener, S. Zharkov",Juan Camilo Buitrago; Juan Carlos Martínez Oliveros; Benjamín Calvo Mozo,,10.1007/s11207-015-0786-9,https://doi.org/10.1007/s11207-015-0786-9,sí
2015,Co-spatial white light and hard X-ray flare footpoints seen above the solar limb,The Astrophysical Journal,article,"Säm Krucker, Pascal Saint- Hilaire, Hugh S. Hudson, Margit Haberreiter, Juan Carlos Martinez- Oliveros, Martin D. Fivian, Gordon Hurford, Lucia Kleint, Marina Battaglia, Matej Kuhar, Nicolas G. Arnold",Juan Carlos Martínez Oliveros,,10.1088/0004-637x/802/1/19,https://doi.org/10.1088/0004-637x/802/1/19,no
2015,Confederación de Centros Juveniles Don Bosco de España,Dialnet (Universidad de la Rioja),article,S. Vargas Domínguez,Santiago Vargas Domínguez,,,https://openalex.org/W2177352585,no
2015,Contextualizing Solar Cycle 24: Report on the Development of a Homogenous Database of Bipolar Active Regions Spanning Four Cycles,2015 AGU Fall Meeting,article,"Andrés Muñoz‐Jaramillo, Zachary Werginz, Mark Deluca, J. P. Vargas-Acosta, D. W. Longcope, J. W. Harvey, P. C. H. Martens, J. Zhang, S. Vargas Domínguez, Craig E. DeForest, D. A. Lamb",Santiago Vargas Domínguez,,,https://openalex.org/W2595267999,sí
2015,Correlation of hard X-ray and white light emission in solar flares,The Astrophysical Journal,article,"Matej Kuhar, Säm Krucker, Juan Carlos Martínez Oliveros, Marina Battaglia, Lucia Kleint, Diego Casadei, Hugh S. Hudson",Juan Carlos Martínez Oliveros,,10.3847/0004-637x/816/1/6,https://doi.org/10.3847/0004-637x/816/1/6,no
2015,DESIGN AND IMPLEMENTATION OF A SOLAR RADIO INTERFEROMETER OF TWO ELEMENTS,The 4th RadioSun Workshop and Summer School: abstracts,conference-paper,,,,,,no
2015,El modelo del Backwarming y un método observacional para entender los flares que emiten luz blanca,,article,"J S Castellanos-Durán, B. Calvo-Mozo",Benjamín Calvo Mozo,,10.13140/rg.2.1.5099.5685,https://doi.org/10.13140/rg.2.1.5099.5685,no
2015,Energy Release and Transport in Super-Hot Solar Flares,AGU Fall Meeting Abstracts,conference-paper,,,,,,no
2015,Evolution of solar magnetic fields in a seismically active region with recurrent flaring activity,2015 AGU Fall Meeting,article,"S. Vargas Domínguez, Joseph C. Casas, M. Molina",Santiago Vargas Domínguez,,,https://openalex.org/W2796206047,sí
2015,Flare/CME Coupling from the Corona to the Deep Solar Interior I Posters,2015 AGU Fall Meeting,conference-paper,,,,,,no
2015,Hard X-ray emission during flares and photospheric field changes,The Astrophysical Journal,article,"O. Burtseva, J. C. Martínez-Oliveros, G. J. D. Petrie, A. A. Pevtsov",Juan Carlos Martínez Oliveros,,10.1088/0004-637x/806/2/173,https://doi.org/10.1088/0004-637x/806/2/173,no
2015,Impulsivity Parameter for Solar Flares,2015 AGU Fall Meeting,article,"Juan Carlos Martínez Oliveros, W. G. Fajardo Mendieta, B. Calvo-Mozo",Juan Carlos Martínez Oliveros; Benjamín Calvo Mozo,,,https://openalex.org/W2619387652,no
2015,"Ley Orgánica 5-2002, Disposición Adicional Séptima: Reconocimiento de las Competencias Profesionales",Leyes Españolas,article,S. Vargas Domínguez,Santiago Vargas Domínguez,,,https://openalex.org/W2765930174,no
2015,NST and IRIS multi-wavelength observations of an M1.0 class solar flare,,article,"S. Vargas Domínguez, Viacheslav M. Sadykov, Alexander G. Kosovichev, И. Н. Шарыкин, A. B. Struminsky, Ivan V. Zimovets",Santiago Vargas Domínguez,,,https://openalex.org/W3017043234,sí
2015,Observaciones solares de última generación,,article,S. Vargas Domínguez,Santiago Vargas Domínguez,,,https://openalex.org/W1670915076,no
2015,PROPERTIES OF CHROMOSPHERIC EVAPORATION AND PLASMA DYNAMICS OF A SOLAR FLARE FROM IRIS OBSERVATIONS,The Astrophysical Journal,article,"Viacheslav M. Sadykov, S. Vargas Domínguez, Alexander G. Kosovichev, Ivan N. Sharykin, Alexei B. Struminsky, Ivan V. Zimovets",Santiago Vargas Domínguez,,10.1088/0004-637x/805/2/167,https://doi.org/10.1088/0004-637x/805/2/167,sí
2015,Python Implementation for Local Correlation Tracking Analysis of Solar Data,AGU Fall Meeting Abstracts,conference-abstract,"J. I. Campos Rozo, S. Vargas Domínguez",Jose Ivan Campos Rozo; Santiago Vargas Domínguez,,,https://openalex.org/W2598398782,sí
2015,Radioastronomy at the National Astronomical Observatory of Colombia,2015 AGU Fall Meeting,article,"Juan Camilo Guevara Gómez, B. Calvo-Mozo, Juan Carlos Martínez Oliveros",Juan Camilo Guevara Gómez; Benjamín Calvo Mozo; Juan Carlos Martínez Oliveros,,,https://openalex.org/W2750074577,no
2015,SDO/HMI--RHESSI White-Light Flare Catalog: Matsushita Analysis,2015 AGU Fall Meeting,conference-paper,,,,,,no
2015,SDO/HMI-RHESSI White-Light Flare Catalog: First Results,AAS/AGU Triennial Earth-Sun Summit,article,,,,,,no
2015,STEREO-Wind Radio Positioning of an Unusually Slow Drifting Event,Solar Physics,article,"J. C. Martínez-Oliveros, C. Raftery, H. Bain, Y. Liu, M. Pulupa, P. Saint-Hilaire, P. Higgins, V. Krupar, Säm Krucker, S. D. Bale",Juan Carlos Martínez Oliveros,,10.1007/s11207-014-0638-z,https://doi.org/10.1007/s11207-014-0638-z,no
2015,Spectroscopic UV observations of M1.0 class solar flare from IRIS satellite,Proceedings of the International Astronomical Union,article,"Viacheslav M. Sadykov, Alexander G. Kosovichev, И. Н. Шарыкин, S. Vargas Domínguez",Santiago Vargas Domínguez,,10.1017/s174392131600034x,https://doi.org/10.1017/s174392131600034x,sí
2015,"Studying the extended magnetic structure of the April 12, 2014 interplanetary CME using in situ detection of shock fronts",AGU Fall Meeting Abstracts,conference-abstract,"Juan Carlos Martínez Oliveros, S. M. Díaz Castillo, B. Calvo-Mozo, Maxim Lyutikov",Juan Carlos Martínez Oliveros; Benjamín Calvo Mozo,,,https://openalex.org/W2994035590,no
2015,The Miniature X-ray Spectrograph (MiXS),AAS/AGU Triennial Earth-Sun Summit,article,,,,,,no
2015,The grand aurorae borealis seen in Colombia in 1859,Advances in Space Research,article,"Freddy Moreno Cárdenas, Sergio Cristancho Sánchez, S. Vargas Domínguez",Santiago Vargas Domínguez,,10.1016/j.asr.2015.08.026,https://doi.org/10.1016/j.asr.2015.08.026,no
2015,Tiempo libre y espiritualidad,Monitor educador,article,S. Vargas Domínguez,Santiago Vargas Domínguez,,,https://openalex.org/W2259130946,no
2015,Travesía por los volcanes del sistema solar.,Hipótesis: apuntes científicos uniandinos,article,"David Tovar Rodríguez, S. Vargas Domínguez",Santiago Vargas Domínguez,,,https://openalex.org/W2990774810,no
2015,White-light observations of coronal loop systems,AGU Fall Meeting Abstracts,conference-paper,,,,,,no
2014,A COMPUTATIONAL MODEL TO APROACH THE STUDY OF P MODES ON ACTIVE REGIONS IN THE SUN,AGU Fall Meeting Abstracts,conference-abstract,"Carlos Andrés Galarza, B. Calvo-Mozo, Juan Carlos Martínez Oliveros",Benjamín Calvo Mozo; Juan Carlos Martínez Oliveros,,,https://openalex.org/W2626997727,no
2014,A Study of Type II Radio Bursts to Map the Alfvén Speed Profile in the Inner Heliosphere,American Astronomical Society Meeting Abstracts# 224,conference-paper,,,,,,no
2014,ANALYSIS OF IRIS AND NST OBSERVATIONS OF THE 12.06.2014 FLARE EVENT,arXiv (Cornell University),preprint,"Viacheslav M. Sadykov, S. Vargas Domínguez, Alexander G. Kosovichev, И. Н. Шарыкин",Santiago Vargas Domínguez,,,https://openalex.org/W1473702771,no
2014,Chromospheric and Coronal HMI Flare Sources,American Astronomical Society Meeting Abstracts# 224,conference-paper,,,,,,no
2014,Cuando la exploración del cielo nos cambia la vida.,Hipótesis: apuntes científicos uniandinos,article,"S. Vargas Domínguez, Mauricio Vinasco Téllez",Santiago Vargas Domínguez,,,https://openalex.org/W2983121026,no
2014,Determination of the geomagnetic bow shock position and interaction angle with the Solar Wind using THEMIS Data,,article,"E. M. Amazo-Gómez, Julián D. Alvarado‐Gómez, B. Calvo-Mozo, Forrest S. Mozer",Benjamín Calvo Mozo,,,https://openalex.org/W2998821510,no
2014,Does There Exist a Relationship Between Acoustic and White-Light Emission in Hard-X ray Solar Flares?,2014 AGU Fall Meeting,article,"Juan Camilo Buitrago‐Casas, Juan Carlos Martínez Oliveros, Lindsay Glesener, Säm Krucker, B. Calvo-Mozo",Juan Camilo Buitrago; Juan Carlos Martínez Oliveros; Benjamín Calvo Mozo,,,https://openalex.org/W2560689556,no
2014,Energetic analysis of the white light emission associated to seismically active flares in solar cycle 24,American Astronomical Society Meeting Abstracts# 224,conference-paper,,,,,,no
2014,Evolution of Small-Scale Magnetic Elements in the Vicinity of Granular-Sized Swirl Convective Motions,Solar Physics,article,"S. Vargas Domínguez, Judith Palacios, L. Balmaceda, I. Cabello, V. Domingo",Santiago Vargas Domínguez,,10.1007/s11207-014-0626-3,https://doi.org/10.1007/s11207-014-0626-3,sí
2014,Helioseismic and Magnetic Imager observations of linear polarization from a loop prominence system,arXiv preprint arXiv:1402.7016,article,,,,,,no
2014,Hmi and Rhessi Measurements of the Radial Location of Solar Flare Footpoints to Subarcsecond Accuracy,AGU Fall Meeting Abstracts,conference-paper,,,,,,no
2014,"Location Estimation of the Bow Shock and Theta angle (B, n) cuasiperpendicular magnetospheric, using data from 14 different events crossings shock recorded by THEMIS-C.",cosp,article,"E. M. Amazo-Gómez, Julián D. Alvarado‐Gómez, Benjamín Calvo Mozo",Benjamín Calvo Mozo,,,https://openalex.org/W3034425235,no
2014,MULTI-WAVELENGTH HIGH-RESOLUTION OBSERVATIONS OF A SMALL-SCALE EMERGING MAGNETIC FLUX EVENT AND THE CHROMOSPHERIC AND CORONAL RESPONSE,The Astrophysical Journal,article,"S. Vargas Domínguez, Alexander G. Kosovichev, Vasyl Yurchyshyn",Santiago Vargas Domínguez,,10.1088/0004-637x/794/2/140,https://doi.org/10.1088/0004-637x/794/2/140,sí
2014,MiXI: The Miniature X-ray Imager,2014 AGU Fall Meeting,conference-paper,,,,,,no
2014,OBSERVATIONS OF LINEAR POLARIZATION IN A SOLAR CORONAL LOOP PROMINENCE SYSTEM OBSERVED NEAR 6173 angstrom,ASTROPHYSICAL JOURNAL LETTERS,article,,,,,,no
2014,Observations of linear polarization in a solar coronal loop prominence system observed near 6173 Å,The Astrophysical Journal Letters,article,"Pascal Saint-Hilaire, Jesper Schou, Juan-Carlos Martínez Oliveros, Hugh S. Hudson, Säm Krucker, Hazel Bain, Sébastien Couvidat",Juan Carlos Martínez Oliveros,,10.1088/2041-8205/786/2/l19,https://doi.org/10.1088/2041-8205/786/2/l19,no
2014,Relating photospheric magnetic field changes and hard X-ray emission during flares,American Astronomical Society Meeting Abstracts# 224,conference-paper,,,,,,no
2014,Space-time measures for subluminal and superluminal motions,arXiv (Cornell University),preprint,B. Calvo-Mozo,Benjamín Calvo Mozo,,10.48550/arxiv.1405.5224,https://doi.org/10.48550/arxiv.1405.5224,no
2014,"Swirling motions, fast plasma flows and small-scale chromospheric eruptions in a sunspot light-bridge",AGUFM,article,"S. Vargas Domínguez, Alexander G. Kosovichev",Santiago Vargas Domínguez,,,https://openalex.org/W2998324463,no
2014,The CubeSat Radio Experiment (CURE) and Beyond: CubeSat-based low frequency radio interferometry,AGU Fall Meeting Abstracts,conference-paper,,,,,,no
2014,The role of magnetic fields in transient seismic emission driven by atmospheric heating in flares,Solar Physics,article,"C. Lindsey, A.-C. Donea, J. C. Martínez Oliveros, H. S. Hudson",Juan Carlos Martínez Oliveros,,10.1007/s11207-013-0389-2,https://doi.org/10.1007/s11207-013-0389-2,no
2014,Transient Small-Scale Magnetic Flux Emergence and Atmospheric Response Observed with New Solar Telescope and SDO,AAS,article,"S. Vargas Domínguez, Alexander G. Kosovichev",Santiago Vargas Domínguez,,,https://openalex.org/W2995740134,no
2014,Transient artifacts in a flare observed by the Helioseismic and Magnetic Imager on the Solar Dynamics Observatory,Solar Physics,article,"J. C. Martínez Oliveros, C. Lindsey, H. S. Hudson, J. C. Buitrago Casas",Juan Carlos Martínez Oliveros; Juan Camilo Buitrago,,10.1007/s11207-013-0358-9,https://doi.org/10.1007/s11207-013-0358-9,no
2014,¡Bang! Explosiones cósmicas: los fenómenos más violentos del universo,Hipótesis: apuntes científicos uniandinos,article,"Juan Camilo Buitrago Casas, S. Vargas Domínguez",Juan Camilo Buitrago; Santiago Vargas Domínguez,,,https://openalex.org/W309408777,no
2013,Accumulation of electric currents driving jetting events in the solar atmosphere,AGUFM,article,"S. Vargas Domínguez, Yahui Guo, Pascal Démoulin, B. Schmieder, Maohua Ding, Y. Liu",Santiago Vargas Domínguez,,,https://openalex.org/W3020589777,no
2013,Chromospheric and Coronal Observations of Flares with HMI,,report,,,,,,no
2013,Chromospheric and coronal observations of Solar flares with the helioseismic and magnetic imager,The Astrophysical Journal Letters,article,"Juan-Carlos Martínez Oliveros, Säm Krucker, Hugh S. Hudson, Pascal Saint-Hilaire, Hazel Bain, Charles Lindsey, Rick Bogart, Sebastien Couvidat, Phil Scherrer, Jesper Schou",Juan Carlos Martínez Oliveros,,10.1088/2041-8205/780/2/l28,https://doi.org/10.1088/2041-8205/780/2/l28,no
2013,Computational Seismic Holography of Transient Seismic Emission from Flares,Fifty Years of Seismology of the Sun and Stars,article,,,,,,no
2013,Future Stereoscopic Hard X-ray Observations of Solar Flares and CMEs,AGU Fall Meeting Abstracts,conference-paper,,,,,,no
2013,Hard X-ray emission during flares and changes in the photospheric magnetic field,AAS/Solar Physics Division Abstracts# 44,article,,,,,,no
2013,New subluminal and superluminal spacetime measures,arXiv (Cornell University),preprint,B. Calvo-Mozo,Benjamín Calvo Mozo,,10.48550/arxiv.1308.4575,https://doi.org/10.48550/arxiv.1308.4575,no
2013,On the response of the solar atmosphere to small-scale magnetic flux emergence,EGU General Assembly Conference Abstracts,conference-paper,"S. Vargas Domínguez, Lidia van Driel-Gesztelyi",Santiago Vargas Domínguez,,,https://openalex.org/W3086675105,no
2013,Radio direction-finding and its application to the study of Interplanetary CMEs,AGU Spring Meeting Abstracts,conference-paper,,,,,,no
2013,Recurrent coronal jets induced by repetitively accumulated electric currents,Astronomy and Astrophysics,article,"Yang Guo, Pascal Démoulin, B. Schmieder, M. D. Ding, S. Vargas Domínguez, Y. Liu",Santiago Vargas Domínguez,,10.1051/0004-6361/201321229,https://doi.org/10.1051/0004-6361/201321229,no
2013,SDO/HMI observations of ejecta,AGU Fall Meeting Abstracts,conference-paper,,,,,,no
2013,The height of flare emissions in white light and in hard X-rays,AGU Fall Meeting Abstracts,conference-paper,,,,,,no
2013,Twisting solar coronal jet launched at the boundary of an active region,Springer Link (Chiba Institute of Technology),article,"B. Schmieder, Yang Guo, Fernando Moreno-Insertis, G. Aulanier, Lotfi Yelles Chaouche, Naoto Nishizuka, L. K. Harra, J. K. Thalmann, S. Vargas Domínguez, Y. Liu",Santiago Vargas Domínguez,,10.1051/0004-6361/201322181/pdf,https://doi.org/10.1051/0004-6361/201322181/pdf,no
2013,Visitantes del espacio,Hipótesis: apuntes científicos uniandinos,article,S. Vargas Domínguez,Santiago Vargas Domínguez,,,https://openalex.org/W3009805273,no
2013,White-light and Hard X-ray source heights of the SOL2011-01-28T00: 24 solar flare,AAS/Solar Physics Division Abstracts# 44,article,,,,,,no
2012,A CME--CME Interaction and its radio and white-light manifestations,,article,,,,,,no
2012,A survey in WL and HXR emission on the energetic solar flares ocurred during the beginning of the 24 solar cycle and their possible relation with the generation of seismic signals,AGU Fall Meeting Abstracts,conference-abstract,"Juan Camilo Buitrago‐Casas, Juan Carlos Martínez Oliveros, Charles A. Lindsey, Lindsay Glesener, B. Calvo-Mozo",Juan Camilo Buitrago; Juan Carlos Martínez Oliveros; Benjamín Calvo Mozo,,,https://openalex.org/W3116492138,no
2012,"Characterization of white light, SXR and HXR kernels emissions in white light flares observed by SDO/HMI and RHESSI",AGU Fall Meeting Abstracts,conference-abstract,"J. S. Castellanos Durán, Julián D. Alvarado‐Gómez, Juan Carlos Martínez Oliveros, Juan Camilo Buitrago‐Casas, B. Calvo-Mozo",Juan Carlos Martínez Oliveros; Juan Camilo Buitrago; Benjamín Calvo Mozo,,,https://openalex.org/W3135348611,no
2012,Desempeño productivo y análisis económico del concentrado Nutre Leche ® ALCON vs. concentrado con grano entero Zamorano en terneros de 0 a 60 días de edad.,,dissertation,"S. Vargas Domínguez, Susan Z. Wilder",Santiago Vargas Domínguez,,,https://openalex.org/W2223495405,no
2012,Determination of electromagnetic source direction as an eigenvalue problem,Solar Physics,article,"Juan C. Martínez-Oliveros, Charles Lindsey, Stuart D. Bale, Säm Krucker",Juan Carlos Martínez Oliveros,,10.1007/s11207-012-9998-4,https://doi.org/10.1007/s11207-012-9998-4,no
2012,Direct Measurement Of The Height Of A White-light Flare,American Astronomical Society Meeting Abstracts# 220,conference-paper,,,,,,no
2012,El sol y el fin del mundo,Hipótesis: apuntes científicos uniandinos,article,S. Vargas Domínguez,Santiago Vargas Domínguez,,,https://openalex.org/W3008215998,no
2012,Granular-Scale Elementary Flux Emergence Episodes in a Solar Active Region,Solar Physics,article,"S. Vargas Domínguez, Lidia van Driel-Gesztelyi, Luis Ramon Bellot Rubio",Santiago Vargas Domínguez,,10.1007/s11207-012-9968-x,https://doi.org/10.1007/s11207-012-9968-x,no
2012,Interactions between coronal mass ejections viewed in coordinated imaging and in situ observations,The Astrophysical Journal Letters,article,"Ying D. Liu, Janet G. Luhmann, Christian Möstl, Juan C. Martinez-Oliveros, Stuart D. Bale, Robert P. Lin, Richard A. Harrison, Manuela Temmer, David F. Webb, Dusan Odstrcil",Juan Carlos Martínez Oliveros,,10.1088/2041-8205/746/2/l15,https://doi.org/10.1088/2041-8205/746/2/l15,no
2012,MAGNETIC TOPOLOGY OF A NAKED SUNSPOT: IS IT REALLY NAKED?,The Astrophysical Journal Letters,article,"A. Sainz Dalda, S. Vargas Domínguez, T. D. Tarbell",Santiago Vargas Domínguez,,10.1088/2041-8205/746/1/l13,https://doi.org/10.1088/2041-8205/746/1/l13,no
2012,Magnetic Footprints Of Flares,American Astronomical Society Meeting Abstracts# 220,conference-paper,,,,,,no
2012,Magneto-Acoustic Energetics Study of the Seismically Active Flare of 15 February 2011,Solar Physics,article,"Julián D. Alvarado‐Gómez, Juan Camilo Buitrago‐Casas, Juan Carlos Martínez Oliveros, Charles A. Lindsey, H. S. Hudson, B. Calvo-Mozo",Juan Camilo Buitrago; Juan Carlos Martínez Oliveros; Benjamín Calvo Mozo,,10.1007/s11207-012-0009-6,https://doi.org/10.1007/s11207-012-0009-6,sí
2012,Observations of Vortex Motion in the Solar Photosphere Using Hinode-SP Data,ASPC,article,"Judith Palacios, L. Balmaceda, S. Vargas Domínguez, I. Cabello, V. Domingo",Santiago Vargas Domínguez,,,https://openalex.org/W3040894401,no
2012,Observations of vortex motion in the solar photosphere using HINODE-SP data,arXiv (Cornell University),preprint,"Judith Palacios, L. Balmaceda, S. Vargas Domínguez, I. Cabello, V. Domingo",Santiago Vargas Domínguez,,10.48550/arxiv.1209.0190,https://doi.org/10.48550/arxiv.1209.0190,no
2012,On The Energetics Of Seismic Excitation Mechanisms,American Astronomical Society Meeting Abstracts# 220,conference-paper,,,,,,no
2012,STEREO-Wind Direction Finding of a Stream Interaction Region,AGU Fall Meeting Abstracts,conference-paper,,,,,,no
2012,Structure of Small Magnetic Elements in the Solar Atmosphere,arXiv (Cornell University),preprint,"V. Domingo, Joaquín García Palacios, L. Balmaceda, S. Vargas Domínguez, I. Cabello",Santiago Vargas Domínguez,,10.48550/arxiv.1209.0978,https://doi.org/10.48550/arxiv.1209.0978,no
2012,Structure of Small Magnetic Elements in the Solar Atmosphere,ASPC,article,"V. Domingo, Joaquín García Palacios, L. Balmaceda, S. Vargas Domínguez, I. Cabello",Santiago Vargas Domínguez,,,https://openalex.org/W3007654262,no
2012,The 2010 August 1 type II burst: A CME--CME interaction and its radio and white-light manifestations,The Astrophysical Journal,article,"Juan Carlos Martínez Oliveros, Claire L. Raftery, Hazel M. Bain, Ying Liu, Vratislav Krupar, Stuart Bale, Säm Krucker",Juan Carlos Martínez Oliveros,,10.1088/0004-637x/748/1/66,https://doi.org/10.1088/0004-637x/748/1/66,no
2012,The Bow Shock Normal and the IMF Angle of Incidence: Preliminary Description,AGUFM,article,"Julián D. Alvarado‐Gómez, E. M. Amazo-Gómez, Forrest S. Mozer, B. Calvo-Mozo",Benjamín Calvo Mozo,,,https://openalex.org/W3045403401,no
2012,The height of a white-light flare and its hard X-ray sources,The Astrophysical Journal Letters,article,"Juan-Carlos Martínez Oliveros, Hugh S. Hudson, Gordon J. Hurford, Säm Krucker, R. P. Lin, Charles Lindsey, Sebastien Couvidat, Jesper Schou, W. T. Thompson",Juan Carlos Martínez Oliveros,,10.1088/2041-8205/753/2/l26,https://doi.org/10.1088/2041-8205/753/2/l26,no
2011,Correlation between flare related photospheric magnetic field changes and X-ray flare location,AGU Fall Meeting Abstracts,conference-paper,,,,,,no
2011,Determination of Electromagnetic Source Direction of the 01 August 2011 Type II Burst,AGU Fall Meeting Abstracts,conference-paper,,,,,,no
2011,Flare Seismology from SDO Observations,SDO-3: Solar Dynamics and Magnetism from the Interior to the Atmosphere,article,,,,,,no
2011,Imaging spectroscopy of a white-light solar flare,Solar Physics,article,"J. C. Martínez Oliveros, S. Couvidat, J. Schou, S. Krucker, C. Lindsey, H. S. Hudson, P. Scherrer",Juan Carlos Martínez Oliveros,,10.1007/s11207-010-9696-z,https://doi.org/10.1007/s11207-010-9696-z,no
2011,LEMUR: Large European Module for solar Ultraviolet Research. European contribution to JAXA's Solar-C mission,elib (German Aerospace Center),article,"L. Teriaca, V. Andretta, F. Auchère, C. M. Brown, É. Buchlin, G. Cauzzi, J. L. Culhane, W. Curdt, J. M. Davila, G. Del Zanna, G. A. Doschek, Silvano Fineschi, A. Fludra, P. T. Gallagher, Lucie M. Green, L. K. Harra, Shinsuke Imada, D. E. Innes, B. Kliem, C. M. Korendyke, J. T. Mariska, V. Martı́nez Pillet, S. Parenti, S. Patsourakos, Hardi Peter, Luca Poletto, Robert J. Rutten, Udo H. Schühle, Martin Siemer, Toshifumi Shimizu, H. Socas‐Navarro, Sami K. Solanki, D. Spadaro, J. Trujillo-Bueno, S. Tsuneta, S. Vargas Domínguez, J. C. Vial, Robert W. Walsh, Harry P. Warren, T. Wiegelmann, Berend Winter, Peter R. Young",Santiago Vargas Domínguez,,10.48550/arxiv.1109.4301,https://doi.org/10.48550/arxiv.1109.4301,no
2011,LEMUR: Large European module for solar Ultraviolet Research,Experimental Astronomy,article,"L. Teriaca, V. Andretta, F. Auchère, C. M. Brown, É. Buchlin, G. Cauzzi, J. L. Culhane, W. Curdt, J. M. Davila, G. Del Zanna, G. A. Doschek, Silvano Fineschi, A. Fludra, P. T. Gallagher, Lucie M. Green, L. K. Harra, Shinsuke Imada, D. E. Innes, B. Kliem, C. M. Korendyke, J. T. Mariska, V. Martı́nez Pillet, S. Parenti, S. Patsourakos, Hardi Peter, Luca Poletto, Robert J. Rutten, Udo H. Schühle, Martin Siemer, Toshifumi Shimizu, H. Socas‐Navarro, Sami K. Solanki, D. Spadaro, J. Trujillo Bueno, S. Tsuneta, S. Vargas Domínguez, J. C. Vial, Robert W. Walsh, Harry P. Warren, T. Wiegelmann, Berend Winter, Peter R. Young",Santiago Vargas Domínguez,,10.1007/s10686-011-9274-x,https://doi.org/10.1007/s10686-011-9274-x,no
2011,Magnetic Oscillations Mark Sites of Magnetic Transients in an Acoustically Active Flare,AAS/Solar Physics Division Abstracts# 42,article,,,,,,no
2011,Magnetic field emergence in mesogranular-sized exploding granules observed with sunrise/IMaX data,Astronomy and Astrophysics,article,"Judith Palacios, J. Blanco Rodríguez, S. Vargas Domínguez, V. Domingo, V. Martı́nez Pillet, José Antonio Bonet, Luis Ramon Bellot Rubio, J. C. del Toro Iniesta, Sami K. Solanki, P. Barthol, Achim M. Gandorfer, Th. Berkefeld, Wolfram Schmidt, M. Knölker",Santiago Vargas Domínguez,,10.1051/0004-6361/201117936,https://doi.org/10.1051/0004-6361/201117936,no
2011,Method of cleaning images of the GONG++ netw,,article,"Juan Camilo Buitrago‐Casas, Julián D. Alvarado‐Gómez, Juan Carlos Martínez Oliveros, C. H. Lindsey, Alina C. Donea, B. Calvo-Mozo",Juan Camilo Buitrago; Juan Carlos Martínez Oliveros; Benjamín Calvo Mozo,,,https://openalex.org/W3132455278,no
2011,Method of cleaning images of the GONG++ network applied to seismically active flares,AGU Fall Meeting Abstracts,conference-abstract,"Juan Camilo Buitrago‐Casas, Juan Díaz‐Alvarado, Juan Carlos Martínez Oliveros, Charles A. Lindsey, Alina C. Donea, B. Calvo-Mozo",Juan Camilo Buitrago; Juan Carlos Martínez Oliveros; Benjamín Calvo Mozo,,,https://openalex.org/W3088430867,no
2011,Nonlinear Force-Free Extrapolation of Emerging Flux with a Global Twist and Serpentine Fine Structures,Solar Physics,article,"Gherardo Valori, L. M. Green, Pascal Démoulin, S. Vargas Domínguez, Lidia van Driel-Gesztelyi, A. J. Wallace, Deborah Baker, M. Fuhrmann",Santiago Vargas Domínguez,,10.1007/s11207-011-9865-8,https://doi.org/10.1007/s11207-011-9865-8,no
2011,Observational Analysis of Photospheric Magnetic Field Restructuring During Energetic Solar Flares,AGU Fall Meeting Abstracts,conference-paper,,,,,,no
2011,On Signatures of Twisted Magnetic Flux Tube Emergence,Solar Physics,article,"S. Vargas Domínguez, David MacTaggart, L. M. Green, Lidia van Driel-Gesztelyi, A. W. Hood",Santiago Vargas Domínguez,,10.1007/s11207-011-9789-3,https://doi.org/10.1007/s11207-011-9789-3,no
2011,On the Magnetic Field Variations and HXR Emission of the First X-class Flare in the 24th Solar Cycle,SPD,article,"Juan Carlos Martínez Oliveros, Julián D. Alvarado‐Gómez, J. Buitrago Casas, Charles A. Lindsey, Hugh S. Hudson, B. Calvo-Mozo",Juan Carlos Martínez Oliveros; Juan Camilo Buitrago; Benjamín Calvo Mozo,,,https://openalex.org/W104854902,no
2011,Spatial distribution and statistical properties of small-scale convective vortex-like motions in a quiet-Sun region,Monthly Notices of the Royal Astronomical Society,article,"S. Vargas Domínguez, Judith Palacios, L. Balmaceda, I. Cabello, V. Domingo",Santiago Vargas Domínguez,,10.1111/j.1365-2966.2011.19048.x,https://doi.org/10.1111/j.1365-2966.2011.19048.x,no
2011,Spectropolarimetric Study of Sea-serpent Penumbral Filaments and a Naked Sunspot,SPD,article,"A. Sainz Dalda, T. D. Tarbell, Alan M. Title, S. Vargas Domínguez, Luis Ramon Bellot Rubio",Santiago Vargas Domínguez,,,https://openalex.org/W3016587342,no
2011,The Height of White-light Flare Continuum Formation,AAS/Solar Physics Division Abstracts# 42,article,,,,,,no
2011,Transient Artifacts in SDO/HMI Flare Observations,AAS/Solar Physics Division Abstracts# 42,article,,,,,,no
2010,"A"" black light flare"" observed by HMI?",AGU Fall Meeting Abstracts,conference-paper,,,,,,no
2010,Characterization of horizontal flows around solar pores from high-resolution time series of images,Astronomy and Astrophysics,article,"S. Vargas Domínguez, Á. de Vicente, José Bonet, V. Martı́nez Pillet",Santiago Vargas Domínguez,,10.1051/0004-6361/200913264,https://doi.org/10.1051/0004-6361/200913264,no
2010,Evidence of small-scale magnetic concentrations dragged by vortex motion of solar photospheric plasma,Astronomy and Astrophysics,article,"L. Balmaceda, S. Vargas Domínguez, Judith Palacios, I. Cabello, V. Domingo",Santiago Vargas Domínguez,,10.1051/0004-6361/200913584,https://doi.org/10.1051/0004-6361/200913584,no
2010,Flare Global Waves Of Three Kinds,American Astronomical Society Meeting Abstracts# 216,conference-paper,,,,,,no
2010,High-resolution observations of interactions during the emergence of magnetic flux from the photosphere to the corona,Memorie della Societa Astronomica Italiana Supplementi,article,"Salvo L. Guglielmino, Luis Ramon Bellot Rubio, Francesca Zuccarello, Paolo Romano, S. Vargas Domínguez",Santiago Vargas Domínguez,,,https://openalex.org/W3092005245,no
2010,"Magnetic Connectivity of the CME Event on December 31, 2007",American Astronomical Society Meeting Abstracts# 216,conference-paper,,,,,,no
2010,Observations of a Sun-grazing Comet's Interaction with the Solar Corona,American Astronomical Society Meeting Abstracts# 216,conference-paper,,,,,,no
2010,Retrieval of solar magnetic fields from high-spatial resolution filtergraph data: the Imaging Magnetograph eXperiment (IMaX),Astronomy and Astrophysics,article,"D. Orozco Suárez, Luis Ramon Bellot Rubio, V. Martı́nez Pillet, José Bonet, S. Vargas Domínguez, J. C. del Toro Iniesta",Santiago Vargas Domínguez,,10.1051/0004-6361/201014217,https://doi.org/10.1051/0004-6361/201014217,no
2010,Sunspot Light-Bridges - A Bridge Between the Photosphere and the Corona?,,article,"S. A. Matthews, Deborah Baker, S. Vargas Domínguez",Santiago Vargas Domínguez,,,https://openalex.org/W2952340979,no
2010,Sunspot light-bridges - a bridge between the photosphere and the corona ?,arXiv (Cornell University),preprint,"S. A. Matthews, Deborah Baker, S. Vargas Domínguez",Santiago Vargas Domínguez,,10.48550/arxiv.1004.3879,https://doi.org/10.48550/arxiv.1004.3879,no
2010,The Imaging Magnetograph eXperiment (IMaX) for the Sunrise Balloon-Borne Solar Observatory,Solar Physics,article,"V. Martı́nez Pillet, J. C. del Toro Iniesta, A. Álvarez‐Herrero, V. Domingo, J. A. Bonet, L. González Fernández, Antonio C. López Jiménez, C. Pastor, J. L. Gasent Blesa, P. Mellado, Javier Piqueras, Beatriz Aparicio del Moral, M. Balaguer Jiménez, E. Ballesteros, T. Belenguer, Luis Ramon Bellot Rubio, T. Berkefeld, M. Collados, W. Deutsch, A. Feller, F. Girela, B. Grauf, R. L. Heredero, M. Herranz, J. M. Jerónimo, H. Laguna, R. Meller, M. Menéndez, R. Morales, D. Orozco Suárez, G. Ramos, M. Reina, J. L. Ramos, P. Rodríguez, A. Sánchez, Néstor Uribe‐Patarroyo, P. Barthol, A. Gandorfer, M. Knoelker, W. Schmidt, S. K. Solanki, S. Vargas Domínguez",Santiago Vargas Domínguez,,10.1007/s11207-010-9644-y,https://doi.org/10.1007/s11207-010-9644-y,no
2010,The Imaging Magnetograph eXperiment (IMaX) for the Sunrise Balloon-Borne Solar Observatory,,book-chapter,"V. Martı́nez Pillet, J. C. del Toro Iniesta, A. Álvarez‐Herrero, V. Domingo, José Antonio Bonet, L. González Fernández, Antonio C. López Jiménez, C. Pastor, J. L. Gasent Blesa, Paula Mellado, Juan José Piqueras, B. Aparicio, María Balaguer, E. Ballesteros, T. Belenguer, Luis Ramon Bellot Rubio, Thomas Berkefeld, M. Collados, W. Deutsch, A. Feller, F. Girela, B. Grauf, R. L. Heredero, M. Herranz, J. Jeronimo, H. Laguna, Reinhard Meller, Melisa Menéndez, Rafael Morales, D. Orozco Suárez, G. Ramos, M. Reina, J. L. Ramos, Pedro Rodriguez, Antonio Sánchez, Néstor Uribe‐Patarroyo, P. Barthol, Achim M. Gandorfer, Michael Knoelker, Wolfram Schmidt, Sami K. Solanki, S. Vargas Domínguez",Santiago Vargas Domínguez,,10.1007/978-1-4419-9774-6_3,https://doi.org/10.1007/978-1-4419-9774-6_3,no
2010,Un modelo solar multi-politr´ opico de exponente radialmente variable A multi-polytropic solar model with radially variable exponent,,article,"J. C. Buitrago, B. Calvo-Mozo",Juan Camilo Buitrago; Benjamín Calvo Mozo,,,https://openalex.org/W2407290032,no
2009,Estudio de flujos horizontales en regiones solares activas basado en técnicas de alta resolución para reconstrucción de imágenes,Dialnet (Universidad de la Rioja),article,S. Vargas Domínguez,Santiago Vargas Domínguez,,,https://openalex.org/W1560831281,no
2009,Magnetic field variations and seismicity of solar active regions,Monthly Notices of the Royal Astronomical Society: Letters,article,"J. C. Martínez-Oliveros, A.-C. Donea",Juan Carlos Martínez Oliveros,,10.1111/j.1745-3933.2009.00637.x,https://doi.org/10.1111/j.1745-3933.2009.00637.x,no
2009,Magnetoseismic Study of the Active Region AR10720,Solar-Stellar Dynamos as Revealed by Helio-and Asteroseismology: GONG 2008/SOHO 21,conference-paper,,,,,,no
2009,Multi-wavelength analysis in flare seismology and the role of magnetic field dynamics in the seismicity of solar active regions,,dissertation,,,,,,no
2009,Study of horizontal flows in solar active regions based on high-resolution image reconstruction techniques,arXiv (Cornell University),preprint,S. Vargas Domínguez,Santiago Vargas Domínguez,,10.48550/arxiv.0906.0336,https://doi.org/10.48550/arxiv.0906.0336,no
2009,Study of horizontal flows in solar active regions based on high-resolution image reconstruction techniques,CERN Document Server (European Organization for Nuclear Research),article,S. Vargas Domínguez,Santiago Vargas Domínguez,,,https://openalex.org/W2997571245,no
2009,The McClymont Jerk: A driver of solar seismicity,AGU Fall Meeting Abstracts,conference-paper,,,,,,no
2008,Helioseismic analysis of the solar flare-induced sunquake of 2005 January 15--II. A magnetoseismic study,Monthly Notices of the Royal Astronomical Society,article,"J. C. Martínez-Oliveros, A.-C. Donea, P. S. Cally, H. Moradi",Juan Carlos Martínez Oliveros,,10.1111/j.1365-2966.2008.13722.x,https://doi.org/10.1111/j.1365-2966.2008.13722.x,no
2008,Moat Flow in the Vicinity of Sunspots for Various Penumbral Configurations,The Astrophysical Journal,article,"S. Vargas Domínguez, L. Rouppe van der Voort, J. A. Bonet, V. Martı́nez Pillet, M. Van Noort, Y. Katsukawa",Santiago Vargas Domínguez,,10.1086/587139,https://doi.org/10.1086/587139,no
2008,Seismic emissions from a highly impulsive M6. 7 solar flare,Solar Physics,book-chapter,"J. C. Martínez-Oliveros, H. Moradi, A.-C. Donea",Juan Carlos Martínez Oliveros,,10.1007/978-0-387-89482-9_40,https://doi.org/10.1007/978-0-387-89482-9_40,no
2007,Correlative study of the emission from flares associated with Sun quakes,Proceedings of the International Astronomical Union,article,"J. C. Martínez-Oliveros, A.-C. Donea, P. S. Cally",Juan Carlos Martínez Oliveros,,10.1017/s1743921308014737,https://doi.org/10.1017/s1743921308014737,no
2007,From GHz to mHz: A Multiwavelength Study of the Acoustically Active 14 August 2004 M7. 4 Solar Flare,arXiv preprint arXiv:0707.2019,article,,,,,,no
2007,From gigahertz to millihertz: A multiwavelength study of the acoustically active 14 august 2004 m7. 4 solar flare,Solar Physics,article,"J. C. Martínez-Oliveros, H. Moradi, D. Besliu-Ionescu, A.-C. Donea, P. S. Cally, C. Lindsey",Juan Carlos Martínez Oliveros,,10.1007/s11207-007-9004-8,https://doi.org/10.1007/s11207-007-9004-8,no
2007,HXR photospheric footprints,Proceedings of the International Astronomical Union,article,"J. C. Martínez-Oliveros, A.-C. Donea, P. S. Cally",Juan Carlos Martínez Oliveros,,10.1017/s1743921308014750,https://doi.org/10.1017/s1743921308014750,no
2007,On the Moat-Penumbra Relation,The Astrophysical Journal,article,"S. Vargas Domínguez, José Bonet, V. Martı́nez Pillet, Yukio Katsukawa, Y. Kitakoshi, L. Rouppe van der Voort",Santiago Vargas Domínguez,,10.1086/518123,https://doi.org/10.1086/518123,no
2007,Relationships between magnetic foot points and G-band bright structures,Astronomy and Astrophysics,article,"R. Ishikawa, S. Tsuneta, Y. Kitakoshi, Yukio Katsukawa, José Bonet, S. Vargas Domínguez, L. Rouppe van der Voort, Yasushi Sakamoto, T. Ebisuzaki",Santiago Vargas Domínguez,,10.1051/0004-6361:20066942,https://doi.org/10.1051/0004-6361:20066942,no
2006,A Study of the Physical Conditions of HeI Lines Emitting Region in a Sample of Seyfert 2 Galaxies,RMxAC,article,"B. Calvo-Mozo, A. Rodríguez-Ardila",Benjamín Calvo Mozo,,,https://openalex.org/W3028357890,no
2006,Evidence of an association between the presence of penumbrae and strong radial outflows in sunspots,arXiv (Cornell University),preprint,"S. Vargas Domínguez, José Bonet, V. Martı́nez Pillet, Yukio Katsukawa",Santiago Vargas Domínguez,,10.48550/arxiv.astro-ph/0611500,https://doi.org/10.48550/arxiv.astro-ph/0611500,no
2006,Simulation and analysis of VIM measurements: feedback on design parameters,arXiv (Cornell University),preprint,"D. Orozco Suárez, Luis Ramon Bellot Rubio, S. Vargas Domínguez, José Bonet, V. Martı́nez Pillet, J. C. del Toro Iniesta",Santiago Vargas Domínguez,,10.48550/arxiv.astro-ph/0611443,https://doi.org/10.48550/arxiv.astro-ph/0611443,no
2006,The two-photons transition of 2s-1s states in hydrogen atoms and its astrophysical application,Revista de la Sociedad Colombiana de Física,article,"Camilo Mejia Prada, Benjamín Calvo Mozo",Benjamín Calvo Mozo,,,https://openalex.org/W2107434066,no
2005,About the correlation between solar micro bursts and the change of the solar wind parameters,arXiv e-prints,article,,,,,,no
2002,p-Modes of Low Order in a Bi-Polytropic Model of the Sun,,article,"B. Calvo-Mozo, Gustavo Pinzón",Benjamín Calvo Mozo,,,https://openalex.org/W3170594254,no
2001,A Perturbed Tri-Polytropic Model of the Sun,arXiv (Cornell University),preprint,"Giovanni Pinzón, B. Calvo-Mozo",Benjamín Calvo Mozo,,10.48550/arxiv.astro-ph/0107428,https://doi.org/10.48550/arxiv.astro-ph/0107428,no
2000,A flexible specification framework for hardware-software codesign (poster paper),,conference-abstract,"José M. Moya, S. Vargas Domínguez, Francisco Moya, Juan Carlos López",Santiago Vargas Domínguez,,10.1145/343647.344148,https://doi.org/10.1145/343647.344148,no
1984,Breve historia de las Islas Chafarinas,Aldaba,article,S. Vargas Domínguez,Santiago Vargas Domínguez,,10.5944/aldaba.3.1984.19525,https://doi.org/10.5944/aldaba.3.1984.19525,no
,A MULTIWAVELENGTH STUDY OF THE ACOUSTICALLY ACTIVE 14 AUGUST 2004 M7. 4 SOLAR FLARE,,article,,,,,,no
,Imaging Spectroscopy of a White-Light Solar Flare View all abstracts by submitter,,article,,,,,,no
,Impulsivity Parameter for Solar Flares View all abstracts by submitter,,article,,,,,,no
,Sobre la correlación entre las micro explosiones en el radio y el cambio de los parámetros del viento solar,arXiv preprint astro-ph/0508084,article,,,,,,no
,Subject will be restored when possible View all abstracts by submitter,,article,,,,,,no
,"The 2010 August 01 type II burst: A CME-CME Interaction, and its radio and white-light manifestations View all abstracts by submitter",,article,,,,,,no
,Thomson scattering in the lower corona in the presence of sunspots View all abstracts by submitter,,article,,,,,,no
